[{"model": "admin.logentry", "pk": 1, "fields": {"action_time": "2021-03-09T12:46:40.362Z", "user": 1, "content_type": 12, "object_id": "67", "object_repr": "sdad", "action_flag": 1, "change_message": "[{\"added\": {}}]"}}, {"model": "admin.logentry", "pk": 2, "fields": {"action_time": "2021-03-09T12:46:53.560Z", "user": 1, "content_type": 12, "object_id": "67", "object_repr": "sdaddsa", "action_flag": 2, "change_message": "[{\"changed\": {\"fields\": [\"Title\"]}}]"}}, {"model": "auth.user", "pk": 1, "fields": {"password": "pbkdf2_sha256$216000$J2CNHnvHkrwM$TXxd/2lrsPWq1XLKUHCor3lH8sFVzvHAWl1d6/JWdAY=", "last_login": "2021-03-04T15:33:36.952Z", "is_superuser": true, "username": "dev", "first_name": "", "last_name": "", "email": "", "is_staff": true, "is_active": true, "date_joined": "2021-02-11T16:16:26.630Z", "groups": [], "user_permissions": []}}, {"model": "auth.user", "pk": 2, "fields": {"password": "pbkdf2_sha256$216000$tvS8bNTe5Red$QGlia9AyZgHH8pFc5XiJq/6+f9x54Sf+tBzGNQUNBmM=", "last_login": "2021-03-11T15:17:10.813Z", "is_superuser": false, "username": "pasha-boss", "first_name": "", "last_name": "", "email": "pashavboss@gmail.com", "is_staff": false, "is_active": true, "date_joined": "2021-03-08T13:15:35.854Z", "groups": [], "user_permissions": []}}, {"model": "auth.user", "pk": 5, "fields": {"password": "pbkdf2_sha256$216000$tvS8bNTe5Red$QGlia9AyZgHH8pFc5XiJq/6+f9x54Sf+tBzGNQUNBmM=", "last_login": "2021-03-11T15:17:12.919Z", "is_superuser": false, "username": "default-user", "first_name": "Default", "last_name": "User", "email": "default.user@gmail.com", "is_staff": false, "is_active": true, "date_joined": "2021-03-11T15:18:32.931Z", "groups": [], "user_permissions": []}}, {"model": "auth.user", "pk": 6, "fields": {"password": "pbkdf2_sha256$216000$tvS8bNTe5Red$QGlia9AyZgHH8pFc5XiJq/6+f9x54Sf+tBzGNQUNBmM=", "last_login": "2021-03-11T15:17:13.678Z", "is_superuser": false, "username": "matthew-haddad", "first_name": "Matthew", "last_name": "Haddad", "email": "matt.haddad@gmail.com", "is_staff": false, "is_active": true, "date_joined": "2021-03-11T15:18:34.348Z", "groups": [], "user_permissions": []}}, {"model": "auth.user", "pk": 7, "fields": {"password": "pbkdf2_sha256$216000$tvS8bNTe5Red$QGlia9AyZgHH8pFc5XiJq/6+f9x54Sf+tBzGNQUNBmM=", "last_login": "2021-03-11T15:17:14.350Z", "is_superuser": false, "username": "james-reese", "first_name": "James", "last_name": "Reese", "email": "jamesrese098@gmail.com", "is_staff": false, "is_active": true, "date_joined": "2021-03-11T15:18:35.297Z", "groups": [], "user_permissions": []}}, {"model": "auth.user", "pk": 8, "fields": {"password": "pbkdf2_sha256$216000$tvS8bNTe5Red$QGlia9AyZgHH8pFc5XiJq/6+f9x54Sf+tBzGNQUNBmM=", "last_login": "2021-03-11T15:17:15.023Z", "is_superuser": false, "username": "john-smith", "first_name": "John", "last_name": "Smith", "email": "john.smith@authmachine.io", "is_staff": false, "is_active": true, "date_joined": "2021-03-11T15:18:35.981Z", "groups": [], "user_permissions": []}}, {"model": "sessions.session", "pk": "058jk5oqt2kho0p3gpjn5op7540io80r", "fields": {"session_data": "eyJjdXJyZW50X3VzZXIiOjN9:1lFCeb:M5GHsjYvKhVS9tzetYnWSFaOkGox-tJDhoPxGXMQ1pI", "expire_date": "2021-03-11T09:09:49.627Z"}}, {"model": "sessions.session", "pk": "0dlzwuikd4hkk0jj94ysbkwrnp1ms5vq", "fields": {"session_data": "eyJjdXJyZW50X3VzZXIiOjN9:1lH3b6:peboWEoSSarBlgUyy8IBDlcMdEKAiHCtaD9ahk5uk0c", "expire_date": "2021-03-16T11:53:52.284Z"}}, {"model": "sessions.session", "pk": "0jw98estgmmg3hxulm2s0bzn4jqd6thl", "fields": {"session_data": "eyJjdXJyZW50X3VzZXIiOjN9:1lLqZM:6niNHZgh8AsTRBYdrWYy6gC63IXByMjbuEW3T6Ffkiw", "expire_date": "2021-03-29T16:59:52.429Z"}}, {"model": "sessions.session", "pk": "0nk413bbj5fc2gd4p7ztrzhkmwraz047", "fields": {"session_data": "eyJjdXJyZW50X3VzZXIiOjN9:1lBc52:SQZUaYJBpMT3dsfQQbAc9Ot3bDU5mYcF-QTZzSB_NYw", "expire_date": "2021-03-01T11:30:16.295Z"}}, {"model": "sessions.session", "pk": "17f914w15h9zqzo8jv3jvv7voo4nfd6v", "fields": {"session_data": "eyJjdXJyZW50X3VzZXIiOjV9:1lMBln:xEjRz6X4GB9H--uFdiWlPMsBEMPOhr07myW_FU3Ky2M", "expire_date": "2021-03-30T15:38:07.680Z"}}, {"model": "sessions.session", "pk": "1h54lujokk5iynykbyui2in5jkaeqadb", "fields": {"session_data": "eyJjdXJyZW50X3VzZXIiOjN9:1lJJG6:BWme1C6d0bdLbqJ5iYz3YXSeUP4sIbKAwmJLtmf4E34", "expire_date": "2021-03-22T17:01:30.716Z"}}, {"model": "sessions.session", "pk": "1m2ch632lg5bx3x9o2mbo70uhwyg2zod", "fields": {"session_data": "eyJjdXJyZW50X3VzZXIiOjJ9:1lLkuv:wFz9fOJ7ZKWePsk6ZANk-NEJknGxefJOKabp8k_cuNE", "expire_date": "2021-03-29T10:57:45.861Z"}}, {"model": "sessions.session", "pk": "1xnnabsnzuldsmpdmuat4rkq8mkpidot", "fields": {"session_data": "eyJjdXJyZW50X3VzZXIiOjJ9:1lBv5b:L0xrgeVm5_Xph0Nf-G18tGOMrQXbJu5i0ycS2nMzziM", "expire_date": "2021-03-02T07:48:07.119Z"}}, {"model": "sessions.session", "pk": "2ox68f93k56zq5rj5brb9ekxm4oqwocr", "fields": {"session_data": "eyJjdXJyZW50X3VzZXIiOjR9:1lJKF0:WZ8lwg-9J_UeUSoaD-T0FHStB16eO1Z1FN5qygZ8JgI", "expire_date": "2021-03-22T18:04:26.478Z"}}, {"model": "sessions.session", "pk": "2tfz1kqt7o96elbxvquxroepm8y00wbm", "fields": {"session_data": "eyJjdXJyZW50X3VzZXIiOjJ9:1lA7zF:42ZVIU7T5NfRY5KOnpY8rverN2kzGr1v2EBdmo3uv_c", "expire_date": "2021-02-25T09:10:09.095Z"}}, {"model": "sessions.session", "pk": "2zhrch2mly7q0s86ot4qu0mdbuatu10w", "fields": {"session_data": "eyJjdXJyZW50X3VzZXIiOjN9:1lH3ik:b8oW11gVD-mI2T171tMcR8L18V8saxW4LQxhpour1RI", "expire_date": "2021-03-16T12:01:46.509Z"}}, {"model": "sessions.session", "pk": "44l9rfxd1lzb6ci8698tpopj81mdebm8", "fields": {"session_data": "eyJjdXJyZW50X3VzZXIiOjJ9:1lAD1v:ivK07Ah6Zf8gZX-06vmtjgseZ04dmCWnIGwT4g0F2eQ", "expire_date": "2021-02-25T14:33:15.759Z"}}, {"model": "sessions.session", "pk": "4fzekxj2ym6kaxss56wc4k9f8g5qs7s9", "fields": {"session_data": "eyJjdXJyZW50X3VzZXIiOjN9:1l9oHX:-Zp4_6JTLqBCudXSXRWIhgu-PDQ4eKyvKk5_vlAab3w", "expire_date": "2021-02-24T12:07:43.939Z"}}, {"model": "sessions.session", "pk": "4gldvgkf3j4qpa02kyj0jmuqsp6mgrjc", "fields": {"session_data": "eyJjdXJyZW50X3VzZXIiOjJ9:1lJZ8v:tj_Cphx3E3QpW8BkvI4_mDtv2AOY8zWAzBwdTe4k2G8", "expire_date": "2021-03-23T09:59:09.992Z"}}, {"model": "sessions.session", "pk": "4h9xlv8wqbovduqj80l0vrcg6mz8tp2l", "fields": {"session_data": "eyJjdXJyZW50X3VzZXIiOjR9:1lJZ7a:N_0cGlQGI6tEy6apbT10bXuczJO6RZWyS6IS6Vx2re4", "expire_date": "2021-03-23T09:57:46.973Z"}}, {"model": "sessions.session", "pk": "4koip4bp4ullhynd58f72qrbnz7mh5kz", "fields": {"session_data": "eyJjdXJyZW50X3VzZXIiOjJ9:1lFD3A:wT2sc6NqQI4__5_xnIelA2ukKYNnGhTzH0rTmtqXyCY", "expire_date": "2021-03-11T09:35:12.511Z"}}, {"model": "sessions.session", "pk": "4ol3a809x9nn311f1hke404xupli8ejl", "fields": {"session_data": "eyJjdXJyZW50X3VzZXIiOjJ9:1lMBlV:AuQaTuX3gRg5ChudrTLlk01dXtx2U-5207vVXkin2e4", "expire_date": "2021-03-30T15:37:49.263Z"}}, {"model": "sessions.session", "pk": "5ivuw6se5j4o1zwpyh64ktyzsf95t4nm", "fields": {"session_data": "eyJjdXJyZW50X3VzZXIiOjJ9:1lJGSu:ueXdjYacgf1gRcDQK2rrART8QJdNRbfFOLzy5jqySBY", "expire_date": "2021-03-22T14:02:32.980Z"}}, {"model": "sessions.session", "pk": "5s2kszw4hbh63sjeyvfiflxhwv5eh6kk", "fields": {"session_data": "eyJjdXJyZW50X3VzZXIiOjJ9:1lA7za:SUMXUHrvI2eqx1669fqlMKVtxon95_jN2UaA_KmqvZ0", "expire_date": "2021-02-25T09:10:30.940Z"}}, {"model": "sessions.session", "pk": "5wrrnmo6qn0rvj6guqk6e0h4bj1te5fb", "fields": {"session_data": "eyJjdXJyZW50X3VzZXIiOjN9:1lA9L9:CPgztNTvCYDb2cOc_uvsPXemkysM-EA5XvzWyNZMGyM", "expire_date": "2021-02-25T10:36:51.900Z"}}, {"model": "sessions.session", "pk": "6qljjobv0bux55dwx9yoaa8hwdln9xb0", "fields": {"session_data": "eyJjdXJyZW50X3VzZXIiOjJ9:1lJvq5:qUPliPW9893VFWvbfQDDS9JehVPhxHoUioAbIgzshsI", "expire_date": "2021-03-24T10:13:13.576Z"}}, {"model": "sessions.session", "pk": "6vx3bfcgrit7e8nxcxl11abxaq2xcg2z", "fields": {"session_data": "eyJjdXJyZW50X3VzZXIiOjR9:1lLkVU:pETdcnALBQ3OGErnskR9ORmW_KwVnhvy2mz0i5sW-0A", "expire_date": "2021-03-29T10:31:28.567Z"}}, {"model": "sessions.session", "pk": "76zjar83yfs1b5g28nf3igma325om693", "fields": {"session_data": "eyJjdXJyZW50X3VzZXIiOjN9:1lBc1i:rY3WvRR4NULXE9fK2Rt4xnZ1AktMOK7Ar3Zz6QYqskY", "expire_date": "2021-03-01T11:26:50.737Z"}}, {"model": "sessions.session", "pk": "7j2eik1klpgyd441yfpth540cnk71n82", "fields": {"session_data": "eyJjdXJyZW50X3VzZXIiOjJ9:1lA7y0:9lIfYIXwpP3_7cXXZxzM_VRtptFbRTUBlZTw4-WC2ug", "expire_date": "2021-02-25T09:08:52.903Z"}}, {"model": "sessions.session", "pk": "7u19crqh6hfmqyek2k80vuv6gh8r7lyn", "fields": {"session_data": "eyJjdXJyZW50X3VzZXIiOjV9:1lJHmM:dqKUfcf-DwlL51TMJbb1cU40u5bgOba6ca7ZLMzWiIs", "expire_date": "2021-03-22T15:26:42.164Z"}}, {"model": "sessions.session", "pk": "7wr13vltq1sbdco52ctf15gs9z23vt35", "fields": {"session_data": "eyJjdXJyZW50X3VzZXIiOjR9:1lH3a4:wDkZhC5QIYKl6kPpUgrgLS70yWBvaFaWKmGpwFh2UL8", "expire_date": "2021-03-16T11:52:48.822Z"}}, {"model": "sessions.session", "pk": "8fm6lsaacyn24rjiiy1bykc5cm7bxmx3", "fields": {"session_data": "eyJjdXJyZW50X3VzZXIiOjJ9:1lA7qJ:nhS6_SRbTH_Mv1EbKDAu0HDyR01l0pw8v_8njadVWgc", "expire_date": "2021-02-25T09:00:55.944Z"}}, {"model": "sessions.session", "pk": "8t6d8mzzmmyfr7gembgb9p2frkka3849", "fields": {"session_data": "eyJjdXJyZW50X3VzZXIiOjJ9:1lH4ni:lUyxti97PhPuRZMiaEBxHJbQWNsNgbZOp3njy0s-bA0", "expire_date": "2021-03-16T13:10:58.863Z"}}, {"model": "sessions.session", "pk": "93zr4nw4b5qda9qwryx15g78xpprxajt", "fields": {"session_data": "eyJjdXJyZW50X3VzZXIiOjR9:1lA7o8:mWS8bKHI34u72PDgkG0gcrt55Xnmo-VtyWhV0f-BSFo", "expire_date": "2021-02-25T08:58:40.793Z"}}, {"model": "sessions.session", "pk": "973vfpb4eqsv4ctx7uyhy89ww70m1b7d", "fields": {"session_data": "eyJjdXJyZW50X3VzZXIiOjJ9:1lKfqS:tBCP9PlGLvoFnRKpuLagDVfd1PNwJsK0wM5fGKimGPw", "expire_date": "2021-03-26T11:20:40.851Z"}}, {"model": "sessions.session", "pk": "975m3z9eqqzfi4hjmphmklcuj8ydk9lx", "fields": {"session_data": "eyJjdXJyZW50X3VzZXIiOjV9:1lJZ8I:m-qamyZcqt0MiJ4arU4WxgKFksKPGSDvRhrudqBlHlw", "expire_date": "2021-03-23T09:58:30.707Z"}}, {"model": "sessions.session", "pk": "99ynf7l2mhrh475ozpkkuegstvvd4hor", "fields": {"session_data": ".eJxVjEEOwiAQRe_C2hCGYu24dN8zkIFhpGogKe3KeHdD0oVu_3vvv5Wnfct-b2n1C6urAnX63QLFZyod8IPKvepYy7YuQXdFH7TpuXJ63Q737yBTy71GnBjAJgQHkWJw5sJRJIgQyAgGrXU8MSUxZyQe7YA8oBhEk1CC-nwB_W44nQ:1lAEfW:ouwGoVXVbH9wzCrRauFwsfh5aKsu87wtawQnU3sl4bU", "expire_date": "2021-02-25T16:18:14.214Z"}}, {"model": "sessions.session", "pk": "9s8v6y4k2p45y2pjru8dy4t4a3afmea1", "fields": {"session_data": "eyJjdXJyZW50X3VzZXIiOjJ9:1lLqZd:I8qIIA60z5qwikMRP2OunBZF7UCO18RHMcgNz1h6n70", "expire_date": "2021-03-29T17:00:09.777Z"}}, {"model": "sessions.session", "pk": "a118o2xrwoz3icoyrp3lg6xfuzd7r970", "fields": {"session_data": "eyJjdXJyZW50X3VzZXIiOjJ9:1lMTev:fHKAxko6Tl7dl2zUz8wrUpVIO8YXLyp8alMSLPyEg94", "expire_date": "2021-03-31T10:44:13.429Z"}}, {"model": "sessions.session", "pk": "aaoadlwwxgehma73eovzws5z2be6s5w2", "fields": {"session_data": "eyJjdXJyZW50X3VzZXIiOjJ9:1lLkgr:sgQ4gZhDnfH6WyiMM-YlqlAVheUllPKNRU1YucK-u0s", "expire_date": "2021-03-29T10:43:13.008Z"}}, {"model": "sessions.session", "pk": "ae6s91u4u53hbb03l0nqe1ydfy25o2q6", "fields": {"session_data": "eyJjdXJyZW50X3VzZXIiOjJ9:1lJZ6E:wqtmAo3N5mSeVsWaaJQvi-omhXAimum_wYpNvooMCHQ", "expire_date": "2021-03-23T09:56:22.332Z"}}, {"model": "sessions.session", "pk": "b9o9nu61prr2llyu7ptcun316kn1eas2", "fields": {"session_data": "eyJjdXJyZW50X3VzZXIiOjR9:1lACf4:mwTudlv-8qbv3x4egIE05yrtm2Wpfa-5hT2t4mn2gOo", "expire_date": "2021-02-25T14:09:38.228Z"}}, {"model": "sessions.session", "pk": "bc6escl61dr5n20zks5galui4ka98qxv", "fields": {"session_data": "eyJjdXJyZW50X3VzZXIiOjJ9:1lA7zT:TML2QMseaeRvunXYBUAGaiFaM_cIXAuFr95OHxzX9Cc", "expire_date": "2021-02-25T09:10:23.722Z"}}, {"model": "sessions.session", "pk": "bclpjpqykz1vdulovg8whu2i6xjoagip", "fields": {"session_data": "eyJjdXJyZW50X3VzZXIiOjJ9:1lAAqH:0ID_FYHBI6CAWdA2MTq3vq_p3ekXB3rypaQ0n4bDrEE", "expire_date": "2021-02-25T12:13:05.137Z"}}, {"model": "sessions.session", "pk": "c722o5f8yk6h9as20ni3lqh1sp2vwfqy", "fields": {"session_data": "eyJjdXJyZW50X3VzZXIiOjV9:1lJbDC:V2JdgF9mNMXc27Na_kqFlPknUaWUadZuPHBv20COrKA", "expire_date": "2021-03-23T12:11:42.571Z"}}, {"model": "sessions.session", "pk": "cd4oddtodqbq0000h35or1liqmfmft71", "fields": {"session_data": "eyJjdXJyZW50X3VzZXIiOjV9:1lK1WS:isNnMXfNsbDyFyn8Qg8GKwkQ39C-Qn81vsav4fMsM_o", "expire_date": "2021-03-24T16:17:20.222Z"}}, {"model": "sessions.session", "pk": "ci4llbh94u07k1ys998hun8nhp8o4rl5", "fields": {"session_data": "eyJjdXJyZW50X3VzZXIiOjJ9:1lACeH:i-mUgewpsugdYaO3wCFiheNQN87gp3iQPHnAQWM242E", "expire_date": "2021-02-25T14:08:49.117Z"}}, {"model": "sessions.session", "pk": "cx26ck9a6jgqqb734ssso706lc7zzq4c", "fields": {"session_data": "eyJjdXJyZW50X3VzZXIiOjV9:1lJzd3:HUr_Twb15VXaKKHSGQc7dC6SmsmEN9gIBkg_zVridEE", "expire_date": "2021-03-24T14:16:01.675Z"}}, {"model": "sessions.session", "pk": "d3raa36seota12ytlm0bc8d858keapfh", "fields": {"session_data": "eyJjdXJyZW50X3VzZXIiOjJ9:1lCNGB:0x8gQG7KfpyhgkHzPSajajtStJPIOniLw8U-5WDGOos", "expire_date": "2021-03-03T13:52:55.465Z"}}, {"model": "sessions.session", "pk": "dcf216kjkdjprrld2hkqurnefuvhehhn", "fields": {"session_data": "eyJjdXJyZW50X3VzZXIiOjV9:1lJKDf:7lkzkhQdqFbSUDG7WHe39K201-UUfbCTUXZCa6pwUtQ", "expire_date": "2021-03-22T18:03:03.462Z"}}, {"model": "sessions.session", "pk": "e4ptfrpmic551zb67i662bwv2rysrz09", "fields": {"session_data": "eyJjdXJyZW50X3VzZXIiOjV9:1lM5sf:N_lqbN2wDDfOSs-eQgr-iPgHSuysx_8Ase8PHUoXE50", "expire_date": "2021-03-30T09:20:49.862Z"}}, {"model": "sessions.session", "pk": "epnvyvjslikocca2bseykrfgu1271dh9", "fields": {"session_data": "eyJjdXJyZW50X3VzZXIiOjN9:1lA7nx:kssT8T15nStCqeOBrRO7a4AGl1AK4ikadbbtThgiqVM", "expire_date": "2021-02-25T08:58:29.267Z"}}, {"model": "sessions.session", "pk": "eqviii0jr2mc7bwo18qfq0502e00cl4j", "fields": {"session_data": "eyJjdXJyZW50X3VzZXIiOjV9:1lJIm2:JwnRKQ46g9E8Pz0FNdpqIaWJeDJlACKIzLhKOIh-EqE", "expire_date": "2021-03-22T16:30:26.836Z"}}, {"model": "sessions.session", "pk": "eyri8413tw41xnfrd95sa0blcbe9c2e8", "fields": {"session_data": "eyJjdXJyZW50X3VzZXIiOjJ9:1lKivb:zmuvCs5VL8z0jFn2ulYdtYAr7GwFjeM7bmeU3loBr8U", "expire_date": "2021-03-26T14:38:11.445Z"}}, {"model": "sessions.session", "pk": "eys92vht3j1ahebli4t7tgzq8z7v3o5g", "fields": {"session_data": "eyJjdXJyZW50X3VzZXIiOjR9:1lJG9Z:IkvKcknnXohi1hPD7HoZgUUZkXZiFgpSJzj7NSvZ7fI", "expire_date": "2021-03-22T13:42:33.931Z"}}, {"model": "sessions.session", "pk": "f1o5ozqdwr9m7fg7kon05q88ky4gtaxo", "fields": {"session_data": "eyJjdXJyZW50X3VzZXIiOjR9:1lBc2H:1THrVkNmpsrB_Jl-JsM9E3GlVjHGvq2wKYF37ZSgMS8", "expire_date": "2021-03-01T11:27:25.075Z"}}, {"model": "sessions.session", "pk": "fuce1dajrublvtqhjrxfcdq90v6gpyui", "fields": {"session_data": "eyJjdXJyZW50X3VzZXIiOjV9:1lLkn7:WF6efE4USbZhmuBcZDMrDCAudwQxJ586TiocgXpLX7k", "expire_date": "2021-03-29T10:49:41.911Z"}}, {"model": "sessions.session", "pk": "g4evoh98qtac2jaw0ys82fd7v2ushdua", "fields": {"session_data": "eyJjdXJyZW50X3VzZXIiOjJ9:1lA7z6:GU5uvDNHmzsUSEz2GbB-hMsJQSqWAzdD6JCa9g_nI84", "expire_date": "2021-02-25T09:10:00.227Z"}}, {"model": "sessions.session", "pk": "g83pl9zhboabujo0uhghwlfpx0e304no", "fields": {"session_data": "eyJjdXJyZW50X3VzZXIiOjV9:1lKIrk:OlWwy4feyR1h3Yar4LX8OQtSV2CKi36sN4r3CzZoAgE", "expire_date": "2021-03-25T10:48:28.648Z"}}, {"model": "sessions.session", "pk": "ga2hmlwmcnlv3ugy5eke8he8f16mt23r", "fields": {"session_data": "eyJjdXJyZW50X3VzZXIiOjV9:1lLqhe:aaXl1jKkreKiAuI8GkoeEzvtesvlHueyvVKyd3n8gtM", "expire_date": "2021-03-29T17:08:26.223Z"}}, {"model": "sessions.session", "pk": "gkdru4mxxwidfog9ppsdxrswbm6wxcdg", "fields": {"session_data": "eyJjdXJyZW50X3VzZXIiOjJ9:1lA810:_CwGI2lUv2K8Nxt6GOgMkEOW9-QuFvzvJGW7dt_YINE", "expire_date": "2021-02-25T09:11:58.457Z"}}, {"model": "sessions.session", "pk": "gycaw34tqkn0u42scyezc48rgk72x3xa", "fields": {"session_data": "eyJjdXJyZW50X3VzZXIiOjJ9:1lACaF:FuuCgh8wfLqSrj5Tsj4sjwbBNdbRfXAmkuSWvoLb06k", "expire_date": "2021-02-25T14:04:39.023Z"}}, {"model": "sessions.session", "pk": "heulbab6qdblh7cuapeqg9xl4k3m8aev", "fields": {"session_data": "eyJjdXJyZW50X3VzZXIiOjR9:1lA7pz:5N7Ma_lMI-NjPex33gXRGaEZ2dDsPiT7bn9tabd3KO4", "expire_date": "2021-02-25T09:00:35.751Z"}}, {"model": "sessions.session", "pk": "hmz6ys6ux9915g4wyfu1ndmzekgasio7", "fields": {"session_data": "eyJjdXJyZW50X3VzZXIiOjJ9:1lADbl:pE7o4ukQHUhd29ZRQglToK9yWVIPMn7BgrydEQjKCfg", "expire_date": "2021-02-25T15:10:17.250Z"}}, {"model": "sessions.session", "pk": "irnhlc8t27v055a7hc3689omfea8sir3", "fields": {"session_data": "eyJjdXJyZW50X3VzZXIiOjV9:1lLkSo:XZsbTwQN9HLWCc4xcmz2EZIptCoiscOxYiUkoH5Rjf8", "expire_date": "2021-03-29T10:28:42.069Z"}}, {"model": "sessions.session", "pk": "jeprnqm5x234sgz7qb605f0xcnm0aei9", "fields": {"session_data": "eyJjdXJyZW50X3VzZXIiOjJ9:1lA7zq:XZ0LRaq0cQQztBa0-VYohX_CKJYx7V3Fo51XnmnMw5k", "expire_date": "2021-02-25T09:10:46.635Z"}}, {"model": "sessions.session", "pk": "jjpdlz973ztkocqbc0uiqd78f46vot2t", "fields": {"session_data": "eyJjdXJyZW50X3VzZXIiOjR9:1lJwoI:6GD3uODmdG2LMWpLM9FTfGJBY8Q-34NwAWCk3D3XEKA", "expire_date": "2021-03-24T11:15:26.015Z"}}, {"model": "sessions.session", "pk": "jpeu9y02ba1eem6un4a9zu5fpjfvnz50", "fields": {"session_data": "eyJjdXJyZW50X3VzZXIiOjR9:1lA7qE:5CJQBAJ-jZXpn7TZ5X0Fa7iSs76OzDwnr1Qj32dEvZU", "expire_date": "2021-02-25T09:00:50.120Z"}}, {"model": "sessions.session", "pk": "jxg3ks9ua15mlk70e8zwx1ogy37v1i6r", "fields": {"session_data": "eyJjdXJyZW50X3VzZXIiOjV9:1lJyzm:GG7KiqJrM-SKDbv7_vonPDHWEe0ml4ip8bznRU8YnNw", "expire_date": "2021-03-24T13:35:26.199Z"}}, {"model": "sessions.session", "pk": "k8kzpeokmw0r8x1drd79mbk3shv5v6bg", "fields": {"session_data": "eyJjdXJyZW50X3VzZXIiOjJ9:1lA7zM:pAnwjqIj65HIKsMj1-VfERFr2NTVFxPa5IE94Kv_7rw", "expire_date": "2021-02-25T09:10:16.602Z"}}, {"model": "sessions.session", "pk": "k8r9zzv6s4kigig6z5xkblkis64z2c1x", "fields": {"session_data": "eyJjdXJyZW50X3VzZXIiOjV9:1lLkgB:3HgzaxC_ovsBUbiVRrVRxMwG_6XzZNRO9L5sHMyg2M0", "expire_date": "2021-03-29T10:42:31.041Z"}}, {"model": "sessions.session", "pk": "k8vss0dsb7l0gecx5klx7szxy2ou1p63", "fields": {"session_data": "eyJjdXJyZW50X3VzZXIiOjN9:1lJZ70:t6rQPHUoQwE2dntQ5d_4tacXBHexfc43wXn0yR_kTe4", "expire_date": "2021-03-23T09:57:10.426Z"}}, {"model": "sessions.session", "pk": "kdpgly2aosr4kzu5bcmyeyd6781xtdc5", "fields": {"session_data": "eyJjdXJyZW50X3VzZXIiOjN9:1lH4jz:p8tnh8hLZjeL7qka6IiaPahwpwdhXM6VWG960upFpPU", "expire_date": "2021-03-16T13:07:07.612Z"}}, {"model": "sessions.session", "pk": "mba9qgatfay9uqltn11oylcz745q24mo", "fields": {"session_data": "eyJjdXJyZW50X3VzZXIiOjR9:1lH4nH:FrcnTNhVZqhvpz00hG5Cjtagr94yIO8whzOTi4dhuts", "expire_date": "2021-03-16T13:10:31.467Z"}}, {"model": "sessions.session", "pk": "n8j3t14dmbgcxqrvdlh163hxtfmpkm0r", "fields": {"session_data": "eyJjdXJyZW50X3VzZXIiOjJ9:1lACkA:Y9kvoyUPlyIuCJ5BLTB_MHO7NR-HRKgUesb2m4IANZE", "expire_date": "2021-02-25T14:14:54.801Z"}}, {"model": "sessions.session", "pk": "nipeatw2kb1z2pqv0lq3g2ddoq207p8d", "fields": {"session_data": "eyJjdXJyZW50X3VzZXIiOjV9:1lJw88:xPnnydQStlkKUtIzgzQ90UG7bVivro40NrpjpTWUn2c", "expire_date": "2021-03-24T10:31:52.755Z"}}, {"model": "sessions.session", "pk": "nly30w2w2o6iitpma5e1mo7x8c0o3jdu", "fields": {"session_data": "eyJjdXJyZW50X3VzZXIiOjJ9:1lJG9C:Yjgg_1ZDmVYI28K9iPiI4F2aiKTkIFByAfgrq0L9UhA", "expire_date": "2021-03-22T13:42:10.535Z"}}, {"model": "sessions.session", "pk": "o59l4djb7zoeiv4rs3t7jt7hkj4dx5qu", "fields": {"session_data": "eyJjdXJyZW50X3VzZXIiOjN9:1lH5ck:XQ58Dfg7gCa2IKGUF_f4pSwE48JIJg6xtH1RT18cM4k", "expire_date": "2021-03-16T14:03:42.977Z"}}, {"model": "sessions.session", "pk": "o9ey1ijuonlk6p47k20gnmg692ab64yu", "fields": {"session_data": "eyJjdXJyZW50X3VzZXIiOjN9:1lA9HZ:TQ3Bh-LJaNaij0wYp1V535g4UJqmUP3DmhcPnMGmZjE", "expire_date": "2021-02-25T10:33:09.530Z"}}, {"model": "sessions.session", "pk": "oetsz1osx2ykg764dd8gpx46rnjmbn6d", "fields": {"session_data": "eyJjdXJyZW50X3VzZXIiOjJ9:1lA7yH:lhe_-fiBOJSUYogHgjD-VHWq7mD7KepYYqScVNOxWaE", "expire_date": "2021-02-25T09:09:09.244Z"}}, {"model": "sessions.session", "pk": "opbhuv4r9xyvnf0xsr1c5olggplrecrj", "fields": {"session_data": ".eJxVjEEOwiAQRe_C2hCGYu24dN8zkIFhpGogKe3KeHdD0oVu_3vvv5Wnfct-b2n1C6urAnX63QLFZyod8IPKvepYy7YuQXdFH7TpuXJ63Q737yBTy71GnBjAJgQHkWJw5sJRJIgQyAgGrXU8MSUxZyQe7YA8oBhEk1CC-nwB_W44nQ:1lHpyq:7e8heIpp9VAxJk0PywOCg-N4TMWrBOxby6GUGwnqQGA", "expire_date": "2021-03-18T15:33:36.955Z"}}, {"model": "sessions.session", "pk": "optmbl1bn2cct31blvu9fifp9a5yn10f", "fields": {"session_data": "eyJjdXJyZW50X3VzZXIiOjN9:1lH4ll:9YdtMtKsjgjECewGSwrU2EA2IA-q5MlPQIlg-vLQVQs", "expire_date": "2021-03-16T13:08:57.472Z"}}, {"model": "sessions.session", "pk": "oxt5p7t4a6crbss1dyfdzc4lh28hj0lo", "fields": {"session_data": "eyJjdXJyZW50X3VzZXIiOjR9:1lACqF:_EI6yLJ1DIs4HOP40Fh26lXwHkYhnU74vDuRsHpzCqk", "expire_date": "2021-02-25T14:21:11.115Z"}}, {"model": "sessions.session", "pk": "pb6ojsdawxm06jx5hc6jwa2wk14is1sm", "fields": {"session_data": "eyJjdXJyZW50X3VzZXIiOjJ9:1lA7z4:cmJ--fMMhmp4tggGwfIbtmFeQQue1knJwtUuFJ6re2A", "expire_date": "2021-02-25T09:09:58.016Z"}}, {"model": "sessions.session", "pk": "pgn1zhtgrn1wsj8w4rhh5c6q5cw20cbs", "fields": {"session_data": "eyJjdXJyZW50X3VzZXIiOjR9:1lMTS0:7y6R06lTgaHwlTriGkQxVmXMCIa5m_Z9kDqH6vfwpc8", "expire_date": "2021-03-31T10:30:52.042Z"}}, {"model": "sessions.session", "pk": "pz92mcz7cymse91jt7tq8pdjasc45y87", "fields": {"session_data": "eyJjdXJyZW50X3VzZXIiOjV9:1lJG9P:v1Mg0ag3Lp1dmlHNTv1Z2tydbQxBWz5_MlIQgU5aNiw", "expire_date": "2021-03-22T13:42:23.488Z"}}, {"model": "sessions.session", "pk": "q1x24wf4v4gb976pe9unum6sqvex3ytr", "fields": {"session_data": "eyJjdXJyZW50X3VzZXIiOjN9:1lJG9i:fr5U-59oRuW13f65pn28iiB5I1aKFBttchZLrLGF0yo", "expire_date": "2021-03-22T13:42:42.623Z"}}, {"model": "sessions.session", "pk": "qdf4ylzv56zoxse792k32dc6dnjoendv", "fields": {"session_data": "eyJjdXJyZW50X3VzZXIiOjJ9:1lK1Xf:j4T-VRC6EBPlOgqQQ1HZfgclYMw5dE3z2rLNvlCebKg", "expire_date": "2021-03-24T16:18:35.137Z"}}, {"model": "sessions.session", "pk": "qf2agwsw8piamokrd5preyb3g6krxsu3", "fields": {"session_data": "eyJjdXJyZW50X3VzZXIiOjN9:1lACJT:swkC5GWoBfWfEg8rXsSh66aB3J8jDUU8NPS1-6Jpgmg", "expire_date": "2021-02-25T13:47:19.378Z"}}, {"model": "sessions.session", "pk": "qow7rd81w43htp3secnfwtgwcwe0ydat", "fields": {"session_data": "eyJjdXJyZW50X3VzZXIiOjJ9:1lBc1Q:Nkdb4yegGHniv9n0LLTa0z4rFT6wgrs1_IYRX3E8KDM", "expire_date": "2021-03-01T11:26:32.790Z"}}, {"model": "sessions.session", "pk": "qtf2odj38bxwro3uqx7ydmeolozttsu6", "fields": {"session_data": "eyJjdXJyZW50X3VzZXIiOjJ9:1lD5O2:AQfdFSRMdtLE1O69ReWJzhKGLWzmg9H37W626tgAqw4", "expire_date": "2021-03-05T12:59:58.366Z"}}, {"model": "sessions.session", "pk": "r7syas3hxkly4hz695i28rbgyu6d1vpf", "fields": {"session_data": "eyJjdXJyZW50X3VzZXIiOjN9:1lEAp5:wvXTZOWVRaAGAwzGBEnvBxCREQQCpIxCmEXIFj_OxEM", "expire_date": "2021-03-08T13:00:23.679Z"}}, {"model": "sessions.session", "pk": "ra0pny2dg1kxhrpj5he07l3oo6y6en49", "fields": {"session_data": "eyJjdXJyZW50X3VzZXIiOjR9:1lA7q2:9CHog2ICKOWf8SogLmTyfe-cQq3wB3mtYzdFKi3kN_0", "expire_date": "2021-02-25T09:00:38.068Z"}}, {"model": "sessions.session", "pk": "rjww8inceedj2cm6c359t0ddc1cf6sb4", "fields": {"session_data": "eyJjdXJyZW50X3VzZXIiOjV9:1lK1aQ:U19eUQSqkJzCkWDhiDQIXH4iIGlElqqeDg2nJDqjH84", "expire_date": "2021-03-24T16:21:26.031Z"}}, {"model": "sessions.session", "pk": "ryjxnofohdzyx15esmbg5yrr99ushx5f", "fields": {"session_data": "eyJjdXJyZW50X3VzZXIiOjR9:1lM5yF:o5pcfrTIliyiLHdNaYgL1tQ3YRgSJjoHleNMYdNd-iA", "expire_date": "2021-03-30T09:26:35.957Z"}}, {"model": "sessions.session", "pk": "sacd5gmwurun8yowt1wibbfjdo7cx6ai", "fields": {"session_data": "eyJjdXJyZW50X3VzZXIiOjJ9:1lEAsu:wJJvyY3wOhYofwMPpER1XxDoqWjMU2-7cIupoh7opxU", "expire_date": "2021-03-08T13:04:20.872Z"}}, {"model": "sessions.session", "pk": "t1rhlwudkre6nxyv5018p5vwbo68dk37", "fields": {"session_data": "eyJjdXJyZW50X3VzZXIiOjN9:1lAD28:VJuKEsko8mSy03lurYWLSq5AxZAKD8Rmto3VwmHyeu8", "expire_date": "2021-02-25T14:33:28.914Z"}}, {"model": "sessions.session", "pk": "u3cacg8b6gqpx0rxndp6duxdjo5nfn1u", "fields": {"session_data": "eyJjdXJyZW50X3VzZXIiOjR9:1lLkvO:eAq_Gm3esrwJhKB5gIEyxNrvkdL1zDUPDoB-vtqoDnQ", "expire_date": "2021-03-29T10:58:14.854Z"}}, {"model": "sessions.session", "pk": "ubkuwinsxydat6w4hnsac2ssn1di6wc1", "fields": {"session_data": "eyJjdXJyZW50X3VzZXIiOjV9:1lK1Ys:W_0U3oIp7QiibQ6XwbWWgWfcrYcO0v7ceEyGkax9OyE", "expire_date": "2021-03-24T16:19:50.043Z"}}, {"model": "sessions.session", "pk": "und5kpn6dhcd6udyx24jqke37vkaikx3", "fields": {"session_data": "eyJjdXJyZW50X3VzZXIiOjR9:1lLqr7:23dkWO9hoPAWg5j86eAINFTiriYcVVN8Oq2QqfiMYic", "expire_date": "2021-03-29T17:18:13.152Z"}}, {"model": "sessions.session", "pk": "uo94eajkex8k3pfn7hxzgyahfsxkljef", "fields": {"session_data": "eyJjdXJyZW50X3VzZXIiOjV9:1lJInN:uwRF_KEYli2H36SK9BNLX82WYmIkpTxFui2HVwYufDw", "expire_date": "2021-03-22T16:31:49.738Z"}}, {"model": "sessions.session", "pk": "uzd5ndhzbv73dk75dsu5lq7wpjutxv6b", "fields": {"session_data": "eyJjdXJyZW50X3VzZXIiOjR9:1lLkgx:fcVof3GH-nNKZddVTw-GA6EBr7Javngx1M4ZjaZpYA8", "expire_date": "2021-03-29T10:43:19.651Z"}}, {"model": "sessions.session", "pk": "v061e5lbnwnnkwvdpgx79n2xxkow3veq", "fields": {"session_data": "eyJjdXJyZW50X3VzZXIiOjR9:1lH4Mr:J9I44HvEr41-YHo1wBeopCIY99SVk4E24lB9OjjmRbE", "expire_date": "2021-03-16T12:43:13.956Z"}}, {"model": "sessions.session", "pk": "v5rk94x75fv9yod2x7h7k2p61ycyjopa", "fields": {"session_data": "eyJjdXJyZW50X3VzZXIiOjJ9:1lJKEo:fmyNj3WbA5rbJOLYKtojC8-nTh-HSN73s5LlLTeP4-4", "expire_date": "2021-03-22T18:04:14.047Z"}}, {"model": "sessions.session", "pk": "vdcaqzqngr8lyq3mf20a09zt1opkfaa0", "fields": {"session_data": "eyJjdXJyZW50X3VzZXIiOjJ9:1lEB5s:ARX7RY1lT8wlhTScWA3Ja3Lsai3iSpit6BNhJRdXhxM", "expire_date": "2021-03-08T13:17:44.191Z"}}, {"model": "sessions.session", "pk": "w26qjlyx6dvfoblebwtpka192hv23y82", "fields": {"session_data": "eyJjdXJyZW50X3VzZXIiOjV9:1lMTQY:0P6G0Jwjdx7cDqMMW1Hcizh9XfScEOtVhSYP6bO2nTQ", "expire_date": "2021-03-31T10:29:22.375Z"}}, {"model": "sessions.session", "pk": "xasefsikv6nxk5a22fx5hdjoorgsai29", "fields": {"session_data": "eyJjdXJyZW50X3VzZXIiOjV9:1lJwom:VPHJDtuHYJc9urJuWxjiit2phtKgse8nF1amHNtj8IU", "expire_date": "2021-03-24T11:15:56.519Z"}}, {"model": "sessions.session", "pk": "xn8665h773zim79jv1gd62lxt4tw8q3l", "fields": {"session_data": "eyJjdXJyZW50X3VzZXIiOjN9:1lACel:Hf2YvK-uo4lIfdSM5y_URhamuWOiYSBMiM3GUuED6PY", "expire_date": "2021-02-25T14:09:19.220Z"}}, {"model": "sessions.session", "pk": "xud51n1damcrwio6vp87vgogug0xblfb", "fields": {"session_data": "eyJjdXJyZW50X3VzZXIiOjN9:1lLkgh:3Nbo9NWIYy7GJGJz7k76lgcBpbPvbXMH2Qdu9U8Qf3A", "expire_date": "2021-03-29T10:43:03.657Z"}}, {"model": "sessions.session", "pk": "xx3y54cw46urgkzq4hi1tqlk744sz372", "fields": {"session_data": "eyJjdXJyZW50X3VzZXIiOjN9:1lMTRb:jjonPgQjj0Nj0ui0Qfi146AYdC1RHzO0UrGxfzU_lS8", "expire_date": "2021-03-31T10:30:27.406Z"}}, {"model": "sessions.session", "pk": "y4p7fuivefdxj7v782bpga3raehm0l5w", "fields": {"session_data": "eyJjdXJyZW50X3VzZXIiOjN9:1lACjF:IraIKGWWp-tZb446HjHe71zTY9qsxg3szVRkVazzWRE", "expire_date": "2021-02-25T14:13:57.754Z"}}, {"model": "sessions.session", "pk": "z4kzgnt4x90stylsljp80cpymjuimg5r", "fields": {"session_data": "eyJjdXJyZW50X3VzZXIiOjN9:1lI7n3:aJoXwak59JMeytHSy_-2URDWQMlcBzNEgjmPKlYODxw", "expire_date": "2021-03-19T10:34:37.138Z"}}, {"model": "sessions.session", "pk": "z6x17131md3y41s05h8s2ve8k41ilqe9", "fields": {"session_data": "eyJjdXJyZW50X3VzZXIiOjV9:1lKIsZ:xJlw1VVTfB0LuBGW8a5cDzjpRCkGdm5TgW256BdYKDc", "expire_date": "2021-03-25T10:49:19.791Z"}}, {"model": "sessions.session", "pk": "zb9rihsfekpx4jiwqc1o4k5kvmholl1g", "fields": {"session_data": "eyJjdXJyZW50X3VzZXIiOjJ9:1lA7nt:ZVOarz7kc9BTqpyxEsVRSmfgaId2CUXZ5p4lPDOOjI4", "expire_date": "2021-02-25T08:58:25.349Z"}}, {"model": "sessions.session", "pk": "zlpw7ulmb6x9zojwl5zjkl0fdkjo7ams", "fields": {"session_data": "eyJjdXJyZW50X3VzZXIiOjV9:1lLlMO:xhYj_AaP5CRj1sQSuvHHHXkSkYYV5U4Lu7Az-aoiEZA", "expire_date": "2021-03-29T11:26:08.502Z"}}, {"model": "sites.site", "pk": 1, "fields": {"domain": "example.com", "name": "example.com"}}, {"model": "work.tag", "pk": 1, "fields": {"created_at": "2021-02-10T17:51:40.343Z", "updated_at": "2021-02-10T17:51:45.481Z", "name": "React"}}, {"model": "work.tag", "pk": 2, "fields": {"created_at": "2021-02-10T17:51:41.217Z", "updated_at": "2021-02-10T17:51:46.138Z", "name": "Vue"}}, {"model": "work.tag", "pk": 3, "fields": {"created_at": "2021-02-10T17:51:41.852Z", "updated_at": "2021-02-10T17:51:46.783Z", "name": "Next"}}, {"model": "work.tag", "pk": 4, "fields": {"created_at": "2021-02-10T17:51:42.462Z", "updated_at": "2021-02-10T17:51:47.427Z", "name": "Django"}}, {"model": "work.tag", "pk": 5, "fields": {"created_at": "2021-02-11T14:30:16.199Z", "updated_at": "2021-02-11T14:30:18.635Z", "name": "Postgresql"}}, {"model": "work.stack", "pk": 1, "fields": {"created_at": "2021-02-10T17:51:40.343Z", "updated_at": "2021-02-10T17:51:45.481Z", "uuid": "f0616137-7bce-4f27-ae43-49c3a2820c23", "name": "Java"}}, {"model": "work.stack", "pk": 2, "fields": {"created_at": "2021-02-10T17:51:40.343Z", "updated_at": "2021-02-10T17:51:45.481Z", "uuid": "1a92976b-4ef9-42eb-9d4e-aa0b63dde7e0", "name": "Development"}}, {"model": "work.stack", "pk": 3, "fields": {"created_at": "2021-02-10T17:51:40.343Z", "updated_at": "2021-02-10T17:51:45.481Z", "uuid": "6c982b47-38dc-4617-9751-9cc616738d5a", "name": "Python"}}, {"model": "work.stack", "pk": 4, "fields": {"created_at": "2021-02-10T17:51:40.343Z", "updated_at": "2021-02-10T17:51:45.481Z", "uuid": "31bdc7b9-4088-4c1f-b351-51317cf675e1", "name": "Flutter"}}, {"model": "work.capability", "pk": 1, "fields": {"path": "0002", "depth": 1, "numchild": 35, "name": "AuthMachine", "description": "Some description", "video_link": ""}}, {"model": "work.capability", "pk": 31, "fields": {"path": "0001", "depth": 1, "numchild": 20, "name": "Open United", "description": "Some description", "video_link": ""}}, {"model": "work.capability", "pk": 32, "fields": {"path": "00010001", "depth": 2, "numchild": 5, "name": "Organization", "description": "Some description", "video_link": ""}}, {"model": "work.capability", "pk": 42, "fields": {"path": "00010002", "depth": 2, "numchild": 2, "name": "Integration management", "description": "Some description", "video_link": ""}}, {"model": "work.capability", "pk": 43, "fields": {"path": "00010003", "depth": 2, "numchild": 3, "name": "Notifications", "description": "Some description", "video_link": ""}}, {"model": "work.capability", "pk": 44, "fields": {"path": "00010004", "depth": 2, "numchild": 3, "name": "Account management", "description": "Some description", "video_link": ""}}, {"model": "work.capability", "pk": 45, "fields": {"path": "00010005", "depth": 2, "numchild": 2, "name": "Profile", "description": "Some description", "video_link": ""}}, {"model": "work.capability", "pk": 60, "fields": {"path": "00010006", "depth": 2, "numchild": 8, "name": "Product", "description": "Some description", "video_link": ""}}, {"model": "work.capability", "pk": 62, "fields": {"path": "000100020001", "depth": 3, "numchild": 1, "name": "Integrations types", "description": "Some description", "video_link": ""}}, {"model": "work.capability", "pk": 63, "fields": {"path": "000100020002", "depth": 3, "numchild": 4, "name": "Manage integrations", "description": "Some description", "video_link": ""}}, {"model": "work.capability", "pk": 72, "fields": {"path": "0001000200010001", "depth": 4, "numchild": 5, "name": "GitHub", "description": "Some description", "video_link": ""}}, {"model": "work.capability", "pk": 73, "fields": {"path": "00010002000100010001", "depth": 5, "numchild": 0, "name": "Overview of existing repos", "description": "Some description", "video_link": ""}}, {"model": "work.capability", "pk": 74, "fields": {"path": "00010002000100010002", "depth": 5, "numchild": 0, "name": "Add a new repo", "description": "Some description", "video_link": ""}}, {"model": "work.capability", "pk": 75, "fields": {"path": "00010002000100010003", "depth": 5, "numchild": 0, "name": "Remove an existing repo", "description": "Some description", "video_link": ""}}, {"model": "work.capability", "pk": 76, "fields": {"path": "00010002000100010004", "depth": 5, "numchild": 0, "name": "View an existing repo", "description": "Some description", "video_link": ""}}, {"model": "work.capability", "pk": 77, "fields": {"path": "00010002000100010005", "depth": 5, "numchild": 0, "name": "Update repo details on OU", "description": "Some description", "video_link": ""}}, {"model": "work.capability", "pk": 78, "fields": {"path": "0001000200020001", "depth": 4, "numchild": 0, "name": "View all existing integrations", "description": "Some description", "video_link": ""}}, {"model": "work.capability", "pk": 82, "fields": {"path": "0001000200020002", "depth": 4, "numchild": 0, "name": "Add a new integration", "description": "Some description", "video_link": ""}}, {"model": "work.capability", "pk": 83, "fields": {"path": "0001000200020003", "depth": 4, "numchild": 0, "name": "Update an existing integration\\'s details", "description": "Some description", "video_link": ""}}, {"model": "work.capability", "pk": 85, "fields": {"path": "0001000200020004", "depth": 4, "numchild": 0, "name": "Remove an integrations", "description": "Some description", "video_link": ""}}, {"model": "work.capability", "pk": 86, "fields": {"path": "000100030001", "depth": 3, "numchild": 0, "name": "Notification delivery", "description": "Some description", "video_link": ""}}, {"model": "work.capability", "pk": 87, "fields": {"path": "000100030002", "depth": 3, "numchild": 0, "name": "Notification center", "description": "Some description", "video_link": ""}}, {"model": "work.capability", "pk": 88, "fields": {"path": "000100030003", "depth": 3, "numchild": 2, "name": "Notification setting", "description": "Some description", "video_link": ""}}, {"model": "work.capability", "pk": 89, "fields": {"path": "0001000300030001", "depth": 4, "numchild": 0, "name": "Set preferred occurance", "description": "Some description", "video_link": ""}}, {"model": "work.capability", "pk": 90, "fields": {"path": "0001000300030002", "depth": 4, "numchild": 0, "name": "Set preferred channels", "description": "Some description", "video_link": ""}}, {"model": "work.capability", "pk": 91, "fields": {"path": "000100040001", "depth": 3, "numchild": 0, "name": "User registration", "description": "Some description", "video_link": ""}}, {"model": "work.capability", "pk": 92, "fields": {"path": "000100040002", "depth": 3, "numchild": 0, "name": "User onboarding", "description": "Some description", "video_link": ""}}, {"model": "work.capability", "pk": 93, "fields": {"path": "000100040003", "depth": 3, "numchild": 3, "name": "Account setting", "description": "Some description", "video_link": ""}}, {"model": "work.capability", "pk": 94, "fields": {"path": "0001000400030001", "depth": 4, "numchild": 0, "name": "Account general details", "description": "Some description", "video_link": ""}}, {"model": "work.capability", "pk": 95, "fields": {"path": "0001000400030002", "depth": 4, "numchild": 0, "name": "Billing", "description": "Some description", "video_link": ""}}, {"model": "work.capability", "pk": 96, "fields": {"path": "0001000400030003", "depth": 4, "numchild": 0, "name": "Plans/Subscription", "description": "Some description", "video_link": ""}}, {"model": "work.capability", "pk": 97, "fields": {"path": "000100050001", "depth": 3, "numchild": 0, "name": "Manage public profile details", "description": "Some description", "video_link": ""}}, {"model": "work.capability", "pk": 98, "fields": {"path": "000100050002", "depth": 3, "numchild": 0, "name": "Feature contributions", "description": "Some description", "video_link": ""}}, {"model": "work.capability", "pk": 99, "fields": {"path": "000100060001", "depth": 3, "numchild": 0, "name": "Create product", "description": "Some description", "video_link": ""}}, {"model": "work.capability", "pk": 100, "fields": {"path": "000100060002", "depth": 3, "numchild": 0, "name": "Remove product", "description": "Some description", "video_link": ""}}, {"model": "work.capability", "pk": 101, "fields": {"path": "000100060003", "depth": 3, "numchild": 0, "name": "Update product", "description": "Some description", "video_link": ""}}, {"model": "work.capability", "pk": 102, "fields": {"path": "000100060004", "depth": 3, "numchild": 0, "name": "Discover product", "description": "Some description", "video_link": ""}}, {"model": "work.capability", "pk": 103, "fields": {"path": "000100060005", "depth": 3, "numchild": 0, "name": "Product summary", "description": "Some description", "video_link": ""}}, {"model": "work.capability", "pk": 104, "fields": {"path": "000100060006", "depth": 3, "numchild": 4, "name": "Product map", "description": "Some description", "video_link": ""}}, {"model": "work.capability", "pk": 105, "fields": {"path": "0001000600060001", "depth": 4, "numchild": 0, "name": "Add new capabilities", "description": "Some description", "video_link": ""}}, {"model": "work.capability", "pk": 106, "fields": {"path": "0001000600060002", "depth": 4, "numchild": 0, "name": "Update existing capabilities", "description": "Some description", "video_link": ""}}, {"model": "work.capability", "pk": 107, "fields": {"path": "0001000600060003", "depth": 4, "numchild": 0, "name": "Delete existing capabilities", "description": "Some description", "video_link": ""}}, {"model": "work.capability", "pk": 108, "fields": {"path": "0001000600060004", "depth": 4, "numchild": 0, "name": "Move capabilities (assign to new parents)", "description": "Some description", "video_link": ""}}, {"model": "work.capability", "pk": 109, "fields": {"path": "000100060007", "depth": 3, "numchild": 4, "name": "Initiatives", "description": "Some description", "video_link": ""}}, {"model": "work.capability", "pk": 110, "fields": {"path": "0001000600070001", "depth": 4, "numchild": 0, "name": "Create initiatives", "description": "Some description", "video_link": ""}}, {"model": "work.capability", "pk": 111, "fields": {"path": "0001000600070002", "depth": 4, "numchild": 0, "name": "Update initiatives", "description": "Some description", "video_link": ""}}, {"model": "work.capability", "pk": 112, "fields": {"path": "0001000600070003", "depth": 4, "numchild": 0, "name": "Delete initiatives", "description": "Some description", "video_link": ""}}, {"model": "work.capability", "pk": 113, "fields": {"path": "0001000600070004", "depth": 4, "numchild": 0, "name": "Discover initiative", "description": "Some description", "video_link": ""}}, {"model": "work.capability", "pk": 114, "fields": {"path": "000100060008", "depth": 3, "numchild": 14, "name": "Task", "description": "Some description", "video_link": ""}}, {"model": "work.capability", "pk": 115, "fields": {"path": "0001000600080001", "depth": 4, "numchild": 0, "name": "Create tasks", "description": "Some description", "video_link": ""}}, {"model": "work.capability", "pk": 116, "fields": {"path": "0001000600080002", "depth": 4, "numchild": 0, "name": "Update tasks", "description": "Some description", "video_link": ""}}, {"model": "work.capability", "pk": 117, "fields": {"path": "0001000600080003", "depth": 4, "numchild": 0, "name": "Delete tasks", "description": "Some description", "video_link": ""}}, {"model": "work.capability", "pk": 118, "fields": {"path": "0001000600080004", "depth": 4, "numchild": 3, "name": "Task claim", "description": "Some description", "video_link": ""}}, {"model": "work.capability", "pk": 119, "fields": {"path": "00010006000800040001", "depth": 5, "numchild": 0, "name": "Request a task claim", "description": "Some description", "video_link": ""}}, {"model": "work.capability", "pk": 120, "fields": {"path": "00010006000800040002", "depth": 5, "numchild": 0, "name": "Withdraw task claim (Quit task)", "description": "Some description", "video_link": ""}}, {"model": "work.capability", "pk": 121, "fields": {"path": "00010006000800040003", "depth": 5, "numchild": 2, "name": "Review task claim", "description": "Some description", "video_link": ""}}, {"model": "work.capability", "pk": 122, "fields": {"path": "000100060008000400030001", "depth": 6, "numchild": 0, "name": "Accept task claim request", "description": "Some description", "video_link": ""}}, {"model": "work.capability", "pk": 123, "fields": {"path": "000100060008000400030002", "depth": 6, "numchild": 0, "name": "Reject task claim request", "description": "Some description", "video_link": ""}}, {"model": "work.capability", "pk": 124, "fields": {"path": "0001000600080005", "depth": 4, "numchild": 2, "name": "Contribution", "description": "Some description", "video_link": ""}}, {"model": "work.capability", "pk": 125, "fields": {"path": "00010006000800050001", "depth": 5, "numchild": 0, "name": "Submit contibution", "description": "Some description", "video_link": ""}}, {"model": "work.capability", "pk": 126, "fields": {"path": "00010006000800050002", "depth": 5, "numchild": 2, "name": "Review contribution", "description": "Some description", "video_link": ""}}, {"model": "work.capability", "pk": 127, "fields": {"path": "000100060008000500020001", "depth": 6, "numchild": 0, "name": "Accept contribution", "description": "Some description", "video_link": ""}}, {"model": "work.capability", "pk": 128, "fields": {"path": "000100060008000500020002", "depth": 6, "numchild": 0, "name": "Reject contribution", "description": "Some description", "video_link": ""}}, {"model": "work.capability", "pk": 129, "fields": {"path": "0001000600080006", "depth": 4, "numchild": 0, "name": "Contribution destination", "description": "Some description", "video_link": ""}}, {"model": "work.capability", "pk": 130, "fields": {"path": "0001000600080007", "depth": 4, "numchild": 0, "name": "Discover task", "description": "Some description", "video_link": ""}}, {"model": "work.capability", "pk": 131, "fields": {"path": "0001000600080008", "depth": 4, "numchild": 4, "name": "Comments", "description": "Some description", "video_link": ""}}, {"model": "work.capability", "pk": 132, "fields": {"path": "00010006000800080001", "depth": 5, "numchild": 0, "name": "Submit comment", "description": "Some description", "video_link": ""}}, {"model": "work.capability", "pk": 133, "fields": {"path": "00010006000800080002", "depth": 5, "numchild": 0, "name": "Mention user", "description": "Some description", "video_link": ""}}, {"model": "work.capability", "pk": 134, "fields": {"path": "00010006000800080003", "depth": 5, "numchild": 0, "name": "Update comment", "description": "Some description", "video_link": ""}}, {"model": "work.capability", "pk": 135, "fields": {"path": "00010006000800080004", "depth": 5, "numchild": 0, "name": "Delete comment", "description": "Some description", "video_link": ""}}, {"model": "work.capability", "pk": 136, "fields": {"path": "0001000600080009", "depth": 4, "numchild": 4, "name": "Product partners", "description": "Some description", "video_link": ""}}, {"model": "work.capability", "pk": 137, "fields": {"path": "00010006000800090001", "depth": 5, "numchild": 0, "name": "View list of existing partners", "description": "Some description", "video_link": ""}}, {"model": "work.capability", "pk": 138, "fields": {"path": "00010006000800090002", "depth": 5, "numchild": 0, "name": "Add partners", "description": "Some description", "video_link": ""}}, {"model": "work.capability", "pk": 139, "fields": {"path": "00010006000800090003", "depth": 5, "numchild": 0, "name": "Update partners", "description": "Some description", "video_link": ""}}, {"model": "work.capability", "pk": 140, "fields": {"path": "00010006000800090004", "depth": 5, "numchild": 0, "name": "Delete partners", "description": "Some description", "video_link": ""}}, {"model": "work.capability", "pk": 141, "fields": {"path": "000100060008000A", "depth": 4, "numchild": 2, "name": "Product members", "description": "Some description", "video_link": ""}}, {"model": "work.capability", "pk": 142, "fields": {"path": "000100060008000A0001", "depth": 5, "numchild": 0, "name": "View existing team members", "description": "Some description", "video_link": ""}}, {"model": "work.capability", "pk": 143, "fields": {"path": "000100060008000A0002", "depth": 5, "numchild": 4, "name": "Core team", "description": "Some description", "video_link": ""}}, {"model": "work.capability", "pk": 144, "fields": {"path": "000100060008000A00020001", "depth": 6, "numchild": 0, "name": "Invite core member", "description": "Some description", "video_link": ""}}, {"model": "work.capability", "pk": 145, "fields": {"path": "000100060008000A00020002", "depth": 6, "numchild": 0, "name": "Update core member rights", "description": "Some description", "video_link": ""}}, {"model": "work.capability", "pk": 146, "fields": {"path": "000100060008000A00020003", "depth": 6, "numchild": 0, "name": "Delete core member", "description": "Some description", "video_link": ""}}, {"model": "work.capability", "pk": 147, "fields": {"path": "000100060008000A00020004", "depth": 6, "numchild": 0, "name": "Accept / withdraw a core member invite", "description": "Some description", "video_link": ""}}, {"model": "work.capability", "pk": 148, "fields": {"path": "000100060008000B", "depth": 4, "numchild": 1, "name": "Product setting", "description": "Some description", "video_link": ""}}, {"model": "work.capability", "pk": 149, "fields": {"path": "000100060008000B0001", "depth": 5, "numchild": 0, "name": "Product visibility (public / private)", "description": "Some description", "video_link": ""}}, {"model": "work.capability", "pk": 150, "fields": {"path": "000100060008000C", "depth": 4, "numchild": 2, "name": "Legal", "description": "Some description", "video_link": ""}}, {"model": "work.capability", "pk": 151, "fields": {"path": "000100060008000C0001", "depth": 5, "numchild": 0, "name": "Product license", "description": "Some description", "video_link": ""}}, {"model": "work.capability", "pk": 152, "fields": {"path": "000100060008000C0002", "depth": 5, "numchild": 0, "name": "Contributor License Agreement (CLA)", "description": "Some description", "video_link": ""}}, {"model": "work.capability", "pk": 153, "fields": {"path": "000100060008000D", "depth": 4, "numchild": 1, "name": "Community", "description": "Some description", "video_link": ""}}, {"model": "work.capability", "pk": 154, "fields": {"path": "000100060008000D0001", "depth": 5, "numchild": 0, "name": "Code of conduct", "description": "Some description", "video_link": ""}}, {"model": "work.capability", "pk": 155, "fields": {"path": "000100060008000E", "depth": 4, "numchild": 1, "name": "Guidelines", "description": "Some description", "video_link": ""}}, {"model": "work.capability", "pk": 156, "fields": {"path": "000100060008000E0001", "depth": 5, "numchild": 0, "name": "Contributing guidelines", "description": "Some description", "video_link": ""}}, {"model": "work.capability", "pk": 158, "fields": {"path": "000100010001", "depth": 3, "numchild": 0, "name": "Create org", "description": "Some description", "video_link": ""}}, {"model": "work.capability", "pk": 159, "fields": {"path": "000100010002", "depth": 3, "numchild": 0, "name": "Update org", "description": "Some description", "video_link": ""}}, {"model": "work.capability", "pk": 160, "fields": {"path": "000100010003", "depth": 3, "numchild": 0, "name": "Remove org", "description": "Some description", "video_link": ""}}, {"model": "work.capability", "pk": 161, "fields": {"path": "000100010004", "depth": 3, "numchild": 0, "name": "Discover orgs", "description": "Some description", "video_link": ""}}, {"model": "work.capability", "pk": 162, "fields": {"path": "000100010005", "depth": 3, "numchild": 0, "name": "Org details", "description": "Some description", "video_link": ""}}, {"model": "work.capability", "pk": 265, "fields": {"path": "0003", "depth": 1, "numchild": 2, "name": "Hectic", "description": "Some description", "video_link": ""}}, {"model": "work.capability", "pk": 266, "fields": {"path": "00030001", "depth": 2, "numchild": 0, "name": "Test", "description": "Some description", "video_link": ""}}, {"model": "work.capability", "pk": 267, "fields": {"path": "00030002", "depth": 2, "numchild": 1, "name": "kjgkre4", "description": "Some description", "video_link": ""}}, {"model": "work.capability", "pk": 268, "fields": {"path": "000300020001", "depth": 3, "numchild": 0, "name": "234", "description": "Some description", "video_link": ""}}, {"model": "work.capability", "pk": 2194, "fields": {"path": "0002000P", "depth": 2, "numchild": 6, "name": "Branding & Customisation", "description": "Some description", "video_link": ""}}, {"model": "work.capability", "pk": 2195, "fields": {"path": "0002000P0001", "depth": 3, "numchild": 0, "name": "Custom domain", "description": "Some description", "video_link": ""}}, {"model": "work.capability", "pk": 2196, "fields": {"path": "0002000P0002", "depth": 3, "numchild": 0, "name": "Localisation", "description": "Some description", "video_link": ""}}, {"model": "work.capability", "pk": 2197, "fields": {"path": "0002000P0003", "depth": 3, "numchild": 0, "name": "Custom email branding", "description": "Some description", "video_link": ""}}, {"model": "work.capability", "pk": 2198, "fields": {"path": "0002000P0004", "depth": 3, "numchild": 0, "name": "Custom admin panel branding", "description": "Some description", "video_link": ""}}, {"model": "work.capability", "pk": 2199, "fields": {"path": "0002000P0005", "depth": 3, "numchild": 2, "name": "Privacy Policy", "description": "Some description", "video_link": ""}}, {"model": "work.capability", "pk": 2200, "fields": {"path": "0002000P00050001", "depth": 4, "numchild": 0, "name": "For login page", "description": "Some description", "video_link": ""}}, {"model": "work.capability", "pk": 2201, "fields": {"path": "0002000P00050002", "depth": 4, "numchild": 0, "name": "For activation page", "description": "Some description", "video_link": ""}}, {"model": "work.capability", "pk": 2202, "fields": {"path": "0002000P0006", "depth": 3, "numchild": 3, "name": "Emails", "description": "Some description", "video_link": ""}}, {"model": "work.capability", "pk": 2203, "fields": {"path": "0002000P00060001", "depth": 4, "numchild": 0, "name": "Set admin email", "description": "Some description", "video_link": ""}}, {"model": "work.capability", "pk": 2204, "fields": {"path": "0002000P00060002", "depth": 4, "numchild": 0, "name": "Set default address for the outgoing emails", "description": "Some description", "video_link": ""}}, {"model": "work.capability", "pk": 2205, "fields": {"path": "0002000P00060003", "depth": 4, "numchild": 0, "name": "Configure SMTP connection", "description": "Some description", "video_link": ""}}, {"model": "work.capability", "pk": 2206, "fields": {"path": "0002000Q", "depth": 2, "numchild": 3, "name": "Deployment", "description": "Some description", "video_link": ""}}, {"model": "work.capability", "pk": 2207, "fields": {"path": "0002000Q0001", "depth": 3, "numchild": 0, "name": "AWS", "description": "Some description", "video_link": ""}}, {"model": "work.capability", "pk": 2208, "fields": {"path": "0002000Q0002", "depth": 3, "numchild": 0, "name": "Kubernetes", "description": "Some description", "video_link": ""}}, {"model": "work.capability", "pk": 2209, "fields": {"path": "0002000Q0003", "depth": 3, "numchild": 0, "name": "VPS", "description": "Some description", "video_link": ""}}, {"model": "work.capability", "pk": 2210, "fields": {"path": "0002000R", "depth": 2, "numchild": 1, "name": "Control and Insights", "description": "Some description", "video_link": ""}}, {"model": "work.capability", "pk": 2211, "fields": {"path": "0002000R0001", "depth": 3, "numchild": 5, "name": "Logging and Monitoring", "description": "Some description", "video_link": ""}}, {"model": "work.capability", "pk": 2212, "fields": {"path": "0002000R00010001", "depth": 4, "numchild": 0, "name": "Access logs", "description": "Some description", "video_link": ""}}, {"model": "work.capability", "pk": 2213, "fields": {"path": "0002000R00010002", "depth": 4, "numchild": 0, "name": "Device logs", "description": "Some description", "video_link": ""}}, {"model": "work.capability", "pk": 2214, "fields": {"path": "0002000R00010003", "depth": 4, "numchild": 0, "name": "Admin logs", "description": "Some description", "video_link": ""}}, {"model": "work.capability", "pk": 2215, "fields": {"path": "0002000R00010004", "depth": 4, "numchild": 0, "name": "User activity information", "description": "Some description", "video_link": ""}}, {"model": "work.capability", "pk": 2216, "fields": {"path": "0002000R00010005", "depth": 4, "numchild": 3, "name": "Stream logs to 3rd party services", "description": "Some description", "video_link": ""}}, {"model": "work.capability", "pk": 2217, "fields": {"path": "0002000R000100050001", "depth": 5, "numchild": 0, "name": "Stream logs to Splunk", "description": "Some description", "video_link": ""}}, {"model": "work.capability", "pk": 2218, "fields": {"path": "0002000R000100050002", "depth": 5, "numchild": 0, "name": "Stream logs to DataDog", "description": "Some description", "video_link": ""}}, {"model": "work.capability", "pk": 2219, "fields": {"path": "0002000R000100050003", "depth": 5, "numchild": 0, "name": "Other 3rd parties", "description": "Some description", "video_link": ""}}, {"model": "work.capability", "pk": 2220, "fields": {"path": "0002000S", "depth": 2, "numchild": 3, "name": "User Management", "description": "Some description", "video_link": ""}}, {"model": "work.capability", "pk": 2221, "fields": {"path": "0002000S0001", "depth": 3, "numchild": 6, "name": "Authentication", "description": "Some description", "video_link": ""}}, {"model": "work.capability", "pk": 2222, "fields": {"path": "0002000S00010001", "depth": 4, "numchild": 11, "name": "Social Authentication", "description": "Some description", "video_link": ""}}, {"model": "work.capability", "pk": 2223, "fields": {"path": "0002000S000100010001", "depth": 5, "numchild": 0, "name": "Facebook", "description": "Some description", "video_link": ""}}, {"model": "work.capability", "pk": 2224, "fields": {"path": "0002000S000100010002", "depth": 5, "numchild": 0, "name": "Amazon", "description": "Some description", "video_link": ""}}, {"model": "work.capability", "pk": 2225, "fields": {"path": "0002000S000100010003", "depth": 5, "numchild": 0, "name": "GitHub", "description": "Some description", "video_link": ""}}, {"model": "work.capability", "pk": 2226, "fields": {"path": "0002000S000100010004", "depth": 5, "numchild": 0, "name": "Google", "description": "Some description", "video_link": ""}}, {"model": "work.capability", "pk": 2227, "fields": {"path": "0002000S000100010005", "depth": 5, "numchild": 0, "name": "LinkedIn", "description": "Some description", "video_link": ""}}, {"model": "work.capability", "pk": 2228, "fields": {"path": "0002000S000100010006", "depth": 5, "numchild": 0, "name": "OpenID", "description": "Some description", "video_link": ""}}, {"model": "work.capability", "pk": 2229, "fields": {"path": "0002000S000100010007", "depth": 5, "numchild": 0, "name": "PayPal", "description": "Some description", "video_link": ""}}, {"model": "work.capability", "pk": 2230, "fields": {"path": "0002000S000100010008", "depth": 5, "numchild": 0, "name": "Twitter", "description": "Some description", "video_link": ""}}, {"model": "work.capability", "pk": 2231, "fields": {"path": "0002000S000100010009", "depth": 5, "numchild": 0, "name": "Live", "description": "Some description", "video_link": ""}}, {"model": "work.capability", "pk": 2232, "fields": {"path": "0002000S00010001000A", "depth": 5, "numchild": 0, "name": "Salesforce", "description": "Some description", "video_link": ""}}, {"model": "work.capability", "pk": 2233, "fields": {"path": "0002000S00010001000B", "depth": 5, "numchild": 0, "name": "Office365", "description": "Some description", "video_link": ""}}, {"model": "work.capability", "pk": 2234, "fields": {"path": "0002000S00010002", "depth": 4, "numchild": 2, "name": "Single Sign-On", "description": "Some description", "video_link": ""}}, {"model": "work.capability", "pk": 2235, "fields": {"path": "0002000S000100020001", "depth": 5, "numchild": 0, "name": "SAML Identity Provider Authentication", "description": "Some description", "video_link": ""}}, {"model": "work.capability", "pk": 2236, "fields": {"path": "0002000S000100020002", "depth": 5, "numchild": 0, "name": "OpenID Connect Authentication", "description": "Some description", "video_link": ""}}, {"model": "work.capability", "pk": 2237, "fields": {"path": "0002000S00010003", "depth": 4, "numchild": 2, "name": "Security mechanisms", "description": "Some description", "video_link": ""}}, {"model": "work.capability", "pk": 2238, "fields": {"path": "0002000S000100030001", "depth": 5, "numchild": 2, "name": "Recaptcha", "description": "Some description", "video_link": ""}}, {"model": "work.capability", "pk": 2239, "fields": {"path": "0002000S0001000300010001", "depth": 6, "numchild": 0, "name": "Account activation", "description": "Some description", "video_link": ""}}, {"model": "work.capability", "pk": 2240, "fields": {"path": "0002000S0001000300010002", "depth": 6, "numchild": 0, "name": "Password reset", "description": "Some description", "video_link": ""}}, {"model": "work.capability", "pk": 2241, "fields": {"path": "0002000S000100030002", "depth": 5, "numchild": 2, "name": "Lock account", "description": "Some description", "video_link": ""}}, {"model": "work.capability", "pk": 2242, "fields": {"path": "0002000S0001000300020001", "depth": 6, "numchild": 0, "name": "After certain number of unsuccessful attempts", "description": "Some description", "video_link": ""}}, {"model": "work.capability", "pk": 2243, "fields": {"path": "0002000S0001000300020002", "depth": 6, "numchild": 0, "name": "OTHER?", "description": "Some description", "video_link": ""}}, {"model": "work.capability", "pk": 2244, "fields": {"path": "0002000S00010004", "depth": 4, "numchild": 2, "name": "Multi-factor authentication", "description": "Some description", "video_link": ""}}, {"model": "work.capability", "pk": 2245, "fields": {"path": "0002000S000100040001", "depth": 5, "numchild": 0, "name": "Google Authenticator", "description": "Some description", "video_link": ""}}, {"model": "work.capability", "pk": 2246, "fields": {"path": "0002000S000100040002", "depth": 5, "numchild": 2, "name": "OTP (Twilio integration)", "description": "Some description", "video_link": ""}}, {"model": "work.capability", "pk": 2247, "fields": {"path": "0002000S0001000400020001", "depth": 6, "numchild": 0, "name": "Email", "description": "Some description", "video_link": ""}}, {"model": "work.capability", "pk": 2248, "fields": {"path": "0002000S0001000400020002", "depth": 6, "numchild": 0, "name": "SMS", "description": "Some description", "video_link": ""}}, {"model": "work.capability", "pk": 2249, "fields": {"path": "0002000S00010005", "depth": 4, "numchild": 2, "name": "Password requirements management", "description": "Some description", "video_link": ""}}, {"model": "work.capability", "pk": 2250, "fields": {"path": "0002000S000100050001", "depth": 5, "numchild": 0, "name": "Presets (off/low/med/high)", "description": "Some description", "video_link": ""}}, {"model": "work.capability", "pk": 2251, "fields": {"path": "0002000S000100050002", "depth": 5, "numchild": 0, "name": "Custom rules", "description": "Some description", "video_link": ""}}, {"model": "work.capability", "pk": 2252, "fields": {"path": "0002000S00010006", "depth": 4, "numchild": 4, "name": "Adaptive authentication", "description": "Some description", "video_link": ""}}, {"model": "work.capability", "pk": 2253, "fields": {"path": "0002000S000100060001", "depth": 5, "numchild": 0, "name": "Enable/disable verification if user logs in from a new device", "description": "Some description", "video_link": ""}}, {"model": "work.capability", "pk": 2254, "fields": {"path": "0002000S000100060002", "depth": 5, "numchild": 0, "name": "Enable/disable verification if user logs in from a new location", "description": "Some description", "video_link": ""}}, {"model": "work.capability", "pk": 2255, "fields": {"path": "0002000S000100060003", "depth": 5, "numchild": 0, "name": "Enable/disable user verification if multi factor auth is enabled", "description": "Some description", "video_link": ""}}, {"model": "work.capability", "pk": 2256, "fields": {"path": "0002000S000100060004", "depth": 5, "numchild": 3, "name": "Identity Verification methods", "description": "Some description", "video_link": ""}}, {"model": "work.capability", "pk": 2257, "fields": {"path": "0002000S0001000600040001", "depth": 6, "numchild": 0, "name": "Email", "description": "Some description", "video_link": ""}}, {"model": "work.capability", "pk": 2258, "fields": {"path": "0002000S0001000600040002", "depth": 6, "numchild": 0, "name": "Voice call", "description": "Some description", "video_link": ""}}, {"model": "work.capability", "pk": 2259, "fields": {"path": "0002000S0001000600040003", "depth": 6, "numchild": 0, "name": "SMS", "description": "Some description", "video_link": ""}}, {"model": "work.capability", "pk": 2260, "fields": {"path": "0002000S0002", "depth": 3, "numchild": 3, "name": "External Directories support", "description": "Some description", "video_link": ""}}, {"model": "work.capability", "pk": 2261, "fields": {"path": "0002000S00020001", "depth": 4, "numchild": 0, "name": "Active Directory", "description": "Some description", "video_link": ""}}, {"model": "work.capability", "pk": 2262, "fields": {"path": "0002000S00020002", "depth": 4, "numchild": 0, "name": "Database Integration", "description": "Some description", "video_link": ""}}, {"model": "work.capability", "pk": 2263, "fields": {"path": "0002000S00020003", "depth": 4, "numchild": 0, "name": "LDAP", "description": "Some description", "video_link": ""}}, {"model": "work.capability", "pk": 2264, "fields": {"path": "0002000S0003", "depth": 3, "numchild": 4, "name": "Directory Management", "description": "Some description", "video_link": ""}}, {"model": "work.capability", "pk": 2265, "fields": {"path": "0002000S00030001", "depth": 4, "numchild": 0, "name": "User Groups Management", "description": "Some description", "video_link": ""}}, {"model": "work.capability", "pk": 2266, "fields": {"path": "0002000S00030002", "depth": 4, "numchild": 3, "name": "Pre-provisioning", "description": "Some description", "video_link": ""}}, {"model": "work.capability", "pk": 2267, "fields": {"path": "0002000S000300020001", "depth": 5, "numchild": 2, "name": "Set activation method", "description": "Some description", "video_link": ""}}, {"model": "work.capability", "pk": 2268, "fields": {"path": "0002000S0003000200010001", "depth": 6, "numchild": 0, "name": "Email", "description": "Some description", "video_link": ""}}, {"model": "work.capability", "pk": 2269, "fields": {"path": "0002000S0003000200010002", "depth": 6, "numchild": 0, "name": "SMS", "description": "Some description", "video_link": ""}}, {"model": "work.capability", "pk": 2270, "fields": {"path": "0002000S000300020002", "depth": 5, "numchild": 2, "name": "Set customisable user params", "description": "Some description", "video_link": ""}}, {"model": "work.capability", "pk": 2271, "fields": {"path": "0002000S0003000200020001", "depth": 6, "numchild": 0, "name": "Email", "description": "Some description", "video_link": ""}}, {"model": "work.capability", "pk": 2272, "fields": {"path": "0002000S0003000200020002", "depth": 6, "numchild": 0, "name": "Phone number", "description": "Some description", "video_link": ""}}, {"model": "work.capability", "pk": 2273, "fields": {"path": "0002000S000300020003", "depth": 5, "numchild": 0, "name": "Allow/disallow users to create accounts on their own", "description": "Some description", "video_link": ""}}, {"model": "work.capability", "pk": 2274, "fields": {"path": "0002000S00030003", "depth": 4, "numchild": 3, "name": "Permissions System", "description": "Some description", "video_link": ""}}, {"model": "work.capability", "pk": 2275, "fields": {"path": "0002000S000300030001", "depth": 5, "numchild": 0, "name": "Objects management", "description": "Some description", "video_link": ""}}, {"model": "work.capability", "pk": 2276, "fields": {"path": "0002000S000300030002", "depth": 5, "numchild": 0, "name": "Permission types management", "description": "Some description", "video_link": ""}}, {"model": "work.capability", "pk": 2277, "fields": {"path": "0002000S000300030003", "depth": 5, "numchild": 0, "name": "Permissions", "description": "Some description", "video_link": ""}}, {"model": "work.capability", "pk": 2278, "fields": {"path": "0002000S00030004", "depth": 4, "numchild": 9, "name": "Social Authentication Providers Management", "description": "Some description", "video_link": ""}}, {"model": "work.capability", "pk": 2279, "fields": {"path": "0002000S000300040001", "depth": 5, "numchild": 0, "name": "Facebook", "description": "Some description", "video_link": ""}}, {"model": "work.capability", "pk": 2280, "fields": {"path": "0002000S000300040002", "depth": 5, "numchild": 0, "name": "Google", "description": "Some description", "video_link": ""}}, {"model": "work.capability", "pk": 2281, "fields": {"path": "0002000S000300040003", "depth": 5, "numchild": 0, "name": "Amazon", "description": "Some description", "video_link": ""}}, {"model": "work.capability", "pk": 2282, "fields": {"path": "0002000S000300040004", "depth": 5, "numchild": 0, "name": "Live", "description": "Some description", "video_link": ""}}, {"model": "work.capability", "pk": 2283, "fields": {"path": "0002000S000300040005", "depth": 5, "numchild": 0, "name": "LinkedIn", "description": "Some description", "video_link": ""}}, {"model": "work.capability", "pk": 2284, "fields": {"path": "0002000S000300040006", "depth": 5, "numchild": 0, "name": "Salesoforce", "description": "Some description", "video_link": ""}}, {"model": "work.capability", "pk": 2285, "fields": {"path": "0002000S000300040007", "depth": 5, "numchild": 0, "name": "GitHub", "description": "Some description", "video_link": ""}}, {"model": "work.capability", "pk": 2286, "fields": {"path": "0002000S000300040008", "depth": 5, "numchild": 0, "name": "OpenID", "description": "Some description", "video_link": ""}}, {"model": "work.capability", "pk": 2287, "fields": {"path": "0002000S000300040009", "depth": 5, "numchild": 0, "name": "Twitter", "description": "Some description", "video_link": ""}}, {"model": "work.capability", "pk": 2288, "fields": {"path": "0002000T", "depth": 2, "numchild": 3, "name": "User Portal", "description": "Some description", "video_link": ""}}, {"model": "work.capability", "pk": 2289, "fields": {"path": "0002000T0001", "depth": 3, "numchild": 0, "name": "Sign In", "description": "Some description", "video_link": ""}}, {"model": "work.capability", "pk": 2290, "fields": {"path": "0002000T0002", "depth": 3, "numchild": 0, "name": "Password reset", "description": "Some description", "video_link": ""}}, {"model": "work.capability", "pk": 2291, "fields": {"path": "0002000T0003", "depth": 3, "numchild": 0, "name": "Sign Up", "description": "Some description", "video_link": ""}}, {"model": "work.capability", "pk": 2292, "fields": {"path": "0002000U", "depth": 2, "numchild": 2, "name": "Auto Events", "description": "Some description", "video_link": ""}}, {"model": "work.capability", "pk": 2293, "fields": {"path": "0002000U0001", "depth": 3, "numchild": 0, "name": "Event templates library", "description": "Some description", "video_link": ""}}, {"model": "work.capability", "pk": 2294, "fields": {"path": "0002000U0002", "depth": 3, "numchild": 0, "name": "Custom Events", "description": "Some description", "video_link": ""}}, {"model": "work.attachment", "pk": 1, "fields": {"name": "Some video", "path": "https://www.youtube.com/watch?v=_J6LdVmnJYo", "file_type": "video"}}, {"model": "work.attachment", "pk": 2, "fields": {"name": "Some link", "path": "https://docs.djangoproject.com/en/3.1/", "file_type": "link"}}, {"model": "work.attachment", "pk": 3, "fields": {"name": "Some file.pdf", "path": "http://www.africau.edu/images/default/sample.pdf", "file_type": "file"}}, {"model": "work.attachment", "pk": 9, "fields": {"name": "google.com", "path": "google.com", "file_type": "link"}}, {"model": "work.attachment", "pk": 10, "fields": {"name": "google.com", "path": "google.com", "file_type": "link"}}, {"model": "work.attachment", "pk": 11, "fields": {"name": "example.com", "path": "example.com", "file_type": "link"}}, {"model": "work.product", "pk": 1, "fields": {"created_at": "2021-02-09T07:56:27.675Z", "updated_at": "2021-02-09T07:56:27.675Z", "uuid": "f2538399-6b4d-4fa8-95d8-e042400d4300", "name": "AuthMachine", "short_description": "Customer Identity & Access Management that puts you in control and \"just works\".", "full_description": "Customer AuthMachine is a modern Customer Identity & Access (CIAM) digital platform that provides unrivalled security, speed of implementation, ease-of-use, features, scalability and value. Improve the security, architecture and user experience of your digital services - and realise Single Sign-on, Smart Authentication and more - with AuthMachine, in days - not weeks or months. & Access Management that puts you in control and \"just works\".", "website": "https://authmachine.com", "detail_url": null, "video_url": "https://www.youtube.com/watch?v=_J6LdVmnJYo", "slug": "authmachine", "capability_start": 1, "owner": null, "attachment": [3, 2]}}, {"model": "work.product", "pk": 2, "fields": {"created_at": "2021-02-09T07:56:27.679Z", "updated_at": "2021-03-08T14:14:26.101Z", "uuid": "54683373-4a09-4c51-a1ba-b535fbc6b3c5", "name": "Hectic", "short_description": "Modern Customer Support & Web Forms for teams, that just works.", "full_description": "Customer Identity & Access Management that puts you in control and \"just works\".", "website": "https://hectic.com", "detail_url": null, "video_url": "https://www.youtube.com/watch?v=_J6LdVmnJYo", "slug": "hectic", "capability_start": 265, "owner": null, "attachment": []}}, {"model": "work.product", "pk": 3, "fields": {"created_at": "2021-02-09T07:56:27.683Z", "updated_at": "2021-02-09T07:56:27.683Z", "uuid": "0296c9a7-2ca9-4d78-937c-a18031fec716", "name": "OpenUnited Product Factory", "short_description": "Open-source software (OSS) has been one of the quietest revolutions in history.", "full_description": "Open-source software (OSS) has been one of the quietest revolutions in history. The incredible victory of OSS over proprietary software has been invisible to the majority of the worlds population. OSS is still not understood by most people - despite its tremendous success since the early 1980s and explosion since the early 2000s.", "website": "https://openunited.com", "detail_url": null, "video_url": "https://www.youtube.com/watch?v=9ePic3dtykk", "slug": "openunited", "capability_start": 31, "owner": null, "attachment": []}}, {"model": "work.initiative", "pk": 1, "fields": {"created_at": "2021-02-09T07:56:27.757Z", "updated_at": "2021-02-09T07:56:27.757Z", "uuid": "67490133-35eb-4356-8f2a-754d0145a37c", "name": "Implement basic post sharing", "product": 1, "description": null, "status": 1}}, {"model": "work.task", "pk": 10, "fields": {"created_at": "2021-02-11T14:50:28.200Z", "updated_at": "2021-03-11T10:34:16.365Z", "uuid": "39211d40-9fcc-4a2f-9bb5-5f182f1fa0a1", "initiative": 1, "capability": null, "target_work_location": "", "title": "Take a picture", "description": "Description for task: Take a picture", "short_description": "", "status": 2, "blocked": false, "featured": false, "priority": 0, "published_id": 2, "auto_approve_task_claims": true, "created_by": 2, "updated_by": 2, "comments_start": null, "reviewer": 2, "attachment": [], "tag": [1], "stack": [1, 2]}}, {"model": "work.task", "pk": 11, "fields": {"created_at": "2021-02-11T14:50:28.208Z", "updated_at": "2021-03-11T10:34:16.375Z", "uuid": "d2bd14a9-a625-45de-b20f-27d45f482e08", "initiative": 1, "capability": null, "target_work_location": "", "title": "Take a video", "description": "Description for task: Take a video", "short_description": "", "status": 2, "blocked": false, "featured": false, "priority": 0, "published_id": 3, "auto_approve_task_claims": true, "created_by": 3, "updated_by": 3, "comments_start": null, "reviewer": 2, "attachment": [], "tag": [2], "stack": [2]}}, {"model": "work.task", "pk": 12, "fields": {"created_at": "2021-02-11T14:50:28.215Z", "updated_at": "2021-03-11T10:34:16.386Z", "uuid": "94531be4-d5aa-489e-b745-01ffb2a31209", "initiative": 1, "capability": null, "target_work_location": "", "title": "Select an existing media from the phone gallery", "description": "Description for task: Select an existing media from the phone gallery", "short_description": "", "status": 2, "blocked": false, "featured": false, "priority": 2, "published_id": 4, "auto_approve_task_claims": true, "created_by": 4, "updated_by": 4, "comments_start": null, "reviewer": 2, "attachment": [], "tag": [1], "stack": [3]}}, {"model": "work.task", "pk": 13, "fields": {"created_at": "2021-02-11T14:50:28.222Z", "updated_at": "2021-03-11T10:34:16.395Z", "uuid": "5c6b1009-f0be-4f0b-aa38-d4edbe6c4e94", "initiative": 1, "capability": null, "target_work_location": "", "title": "Apply a filter", "description": "Description for task: Apply a filter", "short_description": "", "status": 2, "blocked": false, "featured": false, "priority": 0, "published_id": 5, "auto_approve_task_claims": true, "created_by": 2, "updated_by": 2, "comments_start": null, "reviewer": 2, "attachment": [], "tag": [1, 2, 3], "stack": [3]}}, {"model": "work.task", "pk": 14, "fields": {"created_at": "2021-02-11T14:50:28.228Z", "updated_at": "2021-03-11T10:34:16.406Z", "uuid": "76084f63-befd-43ed-b053-95b5a9080d46", "initiative": 1, "capability": null, "target_work_location": "", "title": "Trim a video", "description": "Description for task: Trim a video", "short_description": "", "status": 2, "blocked": false, "featured": false, "priority": 0, "published_id": 6, "auto_approve_task_claims": true, "created_by": 3, "updated_by": 3, "comments_start": null, "reviewer": 2, "attachment": [], "tag": [], "stack": [4]}}, {"model": "work.task", "pk": 15, "fields": {"created_at": "2021-02-11T14:50:28.235Z", "updated_at": "2021-03-11T10:34:16.415Z", "uuid": "06569c0a-972b-403f-8a67-6b7d47d64017", "initiative": 1, "capability": null, "target_work_location": "", "title": "Take a picture", "description": "Description for task: Take a picture", "short_description": "", "status": 2, "blocked": false, "featured": false, "priority": 2, "published_id": 7, "auto_approve_task_claims": true, "created_by": 4, "updated_by": 4, "comments_start": null, "reviewer": 2, "attachment": [], "tag": [], "stack": []}}, {"model": "work.task", "pk": 16, "fields": {"created_at": "2021-02-11T14:50:28.243Z", "updated_at": "2021-03-11T10:34:16.424Z", "uuid": "668f0f6e-ff63-41b1-a6b1-07f53f894190", "initiative": 1, "capability": null, "target_work_location": "", "title": "Crop an image", "description": "Description for task: Crop an image", "short_description": "", "status": 2, "blocked": false, "featured": false, "priority": 2, "published_id": 8, "auto_approve_task_claims": true, "created_by": 2, "updated_by": 2, "comments_start": null, "reviewer": 2, "attachment": [], "tag": [], "stack": [4]}}, {"model": "work.task", "pk": 17, "fields": {"created_at": "2021-02-11T14:50:28.252Z", "updated_at": "2021-03-11T10:34:16.435Z", "uuid": "264a718b-3615-426d-99e5-e90b276c17ee", "initiative": 1, "capability": null, "target_work_location": "", "title": "Select a cover for the video", "description": "Description for task: Select a cover for the video", "short_description": "", "status": 2, "blocked": false, "featured": false, "priority": 2, "published_id": 9, "auto_approve_task_claims": true, "created_by": 3, "updated_by": 3, "comments_start": null, "reviewer": 2, "attachment": [], "tag": [], "stack": []}}, {"model": "work.task", "pk": 18, "fields": {"created_at": "2021-02-11T14:50:28.259Z", "updated_at": "2021-03-11T10:34:16.447Z", "uuid": "9e7bfb27-676f-465c-85e1-8c89583f18c2", "initiative": 1, "capability": null, "target_work_location": "", "title": "Write a caption", "description": "Description for task: Tag people", "short_description": "", "status": 2, "blocked": false, "featured": false, "priority": 1, "published_id": 10, "auto_approve_task_claims": true, "created_by": 4, "updated_by": 4, "comments_start": null, "reviewer": 2, "attachment": [], "tag": [], "stack": []}}, {"model": "work.task", "pk": 21, "fields": {"created_at": "2021-02-15T17:16:50.930Z", "updated_at": "2021-03-11T10:34:15.966Z", "uuid": "39211d40-9fcc-4a2f-9bb5-5f182f1fa0a1", "initiative": 1, "capability": null, "target_work_location": "", "title": "Implement Active users list UI in the Admin section", "description": "<h2><span style=\"font-weight: 400;\">Task description</span></h2>\n<p><span style=\"font-weight: 400;\">Implement updated Active Users List UI. This section allows admin to view the Active users list and filter them based on the parameters selected</span></p>\n<h2><span style=\"font-weight: 400;\">Interactive prototype</span></h2>\n<p><span style=\"font-weight: 400;\">https://projects.invisionapp.com/share/VSTQ2MSMHTE#/screens/382949532</span></p>\n<h2><span style=\"font-weight: 400;\">Definition of done</span></h2>\n<ol>\n<li style=\"font-weight: 400;\"><span style=\"font-weight: 400;\">User is able to view the Active Users list, including (Design -</span><a href=\"https://projects.invisionapp.com/share/VSTQ2MSMHTE#/screens/382949532\"> <span style=\"font-weight: 400;\">https://projects.invisionapp.com/share/VSTQ2MSMHTE#/screens/382949532</span></a><span style=\"font-weight: 400;\">)</span></li>\n<ol>\n<li style=\"font-weight: 400;\"><span style=\"font-weight: 400;\">Username</span></li>\n<ol>\n<li style=\"font-weight: 400;\"><span style=\"font-weight: 400;\">User can go to a user details screen by clicking on the username in the list</span></li>\n</ol>\n<li style=\"font-weight: 400;\"><span style=\"font-weight: 400;\">Display Name</span></li>\n<li style=\"font-weight: 400;\"><span style=\"font-weight: 400;\">Last Login date and time</span></li>\n<ol>\n<li style=\"font-weight: 400;\"><span style=\"font-weight: 400;\">if last login time is less than 1 hour the time should be displayed time in minutes (rounded)</span></li>\n<li style=\"font-weight: 400;\"><span style=\"font-weight: 400;\">if last login time is between 1 hour and 1 day time should be displayed in hours (rounded)</span></li>\n<li style=\"font-weight: 400;\"><span style=\"font-weight: 400;\">if last login time is between 1 day and 7 days, time should be displayed in days (rounded)</span></li>\n<li style=\"font-weight: 400;\"><span style=\"font-weight: 400;\">if time is more than 7 days, time should be displayed in weeks (rounded)</span></li>\n<li style=\"font-weight: 400;\"><span style=\"font-weight: 400;\">if user did not log in yet, Last Login value should be set to \"Didn't login yet\"</span></li>\n</ol>\n<li style=\"font-weight: 400;\"><span style=\"font-weight: 400;\">Auth method can be</span></li>\n<ol>\n<li style=\"font-weight: 400;\"><span style=\"font-weight: 400;\">\"2FA\" if 2-factor authentication is enabled</span></li>\n<li style=\"font-weight: 400;\"><span style=\"font-weight: 400;\">SFA if 2-factor authentication is disabled</span></li>\n</ol>\n<li style=\"font-weight: 400;\"><span style=\"font-weight: 400;\">Groups</span></li>\n<ol>\n<li style=\"font-weight: 400;\"><span style=\"font-weight: 400;\">Groups tab should be displaying all the groups this member is a part of</span></li>\n</ol>\n<li style=\"font-weight: 400;\"><span style=\"font-weight: 400;\">User has the following quick actions which can be applied to each of the user records in the list:</span></li>\n<ol>\n<li style=\"font-weight: 400;\"><span style=\"font-weight: 400;\">Edit</span></li>\n<ul>\n<li style=\"font-weight: 400;\"><span style=\"font-weight: 400;\">Takes to the user profile page which can be edited&nbsp;</span></li>\n</ul>\n<li style=\"font-weight: 400;\"><span style=\"font-weight: 400;\">Change password</span></li>\n<ul>\n<li style=\"font-weight: 400;\"><span style=\"font-weight: 400;\">Leads to Change Password screen for a selected user</span></li>\n</ul>\n<li style=\"font-weight: 400;\"><span style=\"font-weight: 400;\">Consents and Data trasnfer</span></li>\n<ul>\n<li style=\"font-weight: 400;\"><span style=\"font-weight: 400;\">Takes to the Consents and Data Transfer screen for a selected user</span></li>\n</ul>\n<li style=\"font-weight: 400;\"><span style=\"font-weight: 400;\">Lock</span></li>\n<ul>\n<li style=\"font-weight: 400;\"><span style=\"font-weight: 400;\">TBD</span></li>\n</ul>\n<li style=\"font-weight: 400;\"><span style=\"font-weight: 400;\">Deactivate users</span></li>\n<ul>\n<li style=\"font-weight: 400;\"><span style=\"font-weight: 400;\">TBD</span></li>\n</ul>\n<li style=\"font-weight: 400;\"><span style=\"font-weight: 400;\">&nbsp;Delete&nbsp;</span></li>\n<ul>\n<li style=\"font-weight: 400;\"><span style=\"font-weight: 400;\">Allows to delete user from the system whatsoever</span></li>\n</ul>\n</ol>\n</ol>\n<li style=\"font-weight: 400;\"><span style=\"font-weight: 400;\">User is able to filter Active users by Group (Design:</span><a href=\"https://projects.invisionapp.com/share/VSTQ2MSMHTE#/screens/382949533\"> <span style=\"font-weight: 400;\">https://projects.invisionapp.com/share/VSTQ2MSMHTE#/screens/382949533</span></a><span style=\"font-weight: 400;\">)</span></li>\n<ol>\n<li style=\"font-weight: 400;\"><span style=\"font-weight: 400;\">User has \"Only Admins\" and \"Only Locked\" filters always visible</span></li>\n<li style=\"font-weight: 400;\"><span style=\"font-weight: 400;\">User can select one or more groups to filter active users by</span></li>\n<ol>\n<li style=\"font-weight: 400;\"><span style=\"font-weight: 400;\">Once a filter is enabled, user can clear the selection or remove each individual filter</span></li>\n</ol>\n</ol>\n<li style=\"font-weight: 400;\"><span style=\"font-weight: 400;\">Mass selection and actions</span></li>\n<ol>\n<li style=\"font-weight: 400;\"><span style=\"font-weight: 400;\">Designs:</span></li>\n<ol>\n<li style=\"font-weight: 400;\"><a href=\"https://projects.invisionapp.com/share/TVU4L22NQR5#/screens\"><span style=\"font-weight: 400;\">https://projects.invisionapp.com/share/VSTQ2MSMHTE#/screens/382949533</span></a></li>\n<li style=\"font-weight: 400;\"><a href=\"https://projects.invisionapp.com/share/UAU4L2BVYT6#/screens\"><span style=\"font-weight: 400;\">https://projects.invisionapp.com/share/UAU4L2BVYT6#/screens</span></a></li>\n<li style=\"font-weight: 400;\"><span style=\"font-weight: 400;\">https://projects.invisionapp.com/share/GUU4L2X6ENK#/screens</span></li>\n</ol>\n<li style=\"font-weight: 400;\"><span style=\"font-weight: 400;\">User can select single or multiple entry via a checkbox</span></li>\n<li style=\"font-weight: 400;\"><span style=\"font-weight: 400;\">User has then mass deactivate and mass delete entries from the list</span></li>\n<ol>\n<li style=\"font-weight: 400;\"><span style=\"font-weight: 400;\">If &ldquo;Delete&rdquo; option is selected confirmation prompt should show up</span></li>\n<ul>\n<li style=\"font-weight: 400;\"><span style=\"font-weight: 400;\">Copy:</span></li>\n<ol>\n<li style=\"font-weight: 400;\"><span style=\"font-weight: 400;\">For Single user deletion: &ldquo;Are you sure want to remove all information related to &lt;username&gt; in AuthMachine and all relying parties? This action can not be undone&rdquo;</span></li>\n<li style=\"font-weight: 400;\"><span style=\"font-weight: 400;\">For multiple users: &ldquo;Are you sure want to remove all information related to &lt;users_selected_count&gt; in AuthMachine and all relying parties? This action can not be undone&rdquo;</span></li>\n</ol>\n</ul>\n</ol>\n</ol>\n<li style=\"font-weight: 400;\"><span style=\"font-weight: 400;\">User should be able to search by:</span></li>\n<ol>\n<li style=\"font-weight: 400;\"><span style=\"font-weight: 400;\">Username</span></li>\n<li style=\"font-weight: 400;\"><span style=\"font-weight: 400;\">Display name (essentialy first name and last name)</span></li>\n</ol>\n<li style=\"font-weight: 400;\"><span style=\"font-weight: 400;\">Sorting should be available for these fields:</span></li>\n<ol>\n<li style=\"font-weight: 400;\"><span style=\"font-weight: 400;\">Username: Alphabetical (A-&gt;Z and Z-&gt;A)</span></li>\n<li style=\"font-weight: 400;\"><span style=\"font-weight: 400;\">Display name: (A-&gt;Z and Z-&gt;A)</span></li>\n<li style=\"font-weight: 400;\"><span style=\"font-weight: 400;\">Last login: Most Recent and Least Recent</span></li>\n</ol>\n</ol>", "short_description": "Implement updated Active Users List UI. This section allows admin to view the Active users list and filter them based on the parameters selected", "status": 3, "blocked": false, "featured": false, "priority": 2, "published_id": 2, "auto_approve_task_claims": true, "created_by": 2, "updated_by": 5, "comments_start": 1, "reviewer": 2, "attachment": [], "tag": [], "stack": []}}, {"model": "work.task", "pk": 22, "fields": {"created_at": "2021-02-15T17:16:53.738Z", "updated_at": "2021-03-11T10:34:15.982Z", "uuid": "39211d40-9fcc-4a2f-9bb5-5f182f1fa0a1", "initiative": 1, "capability": null, "target_work_location": "", "title": "Implement updated Add user flow", "description": "<h2><span style=\"font-weight: 400;\">Task description</span></h2>\n<p><span style=\"font-weight: 400;\">This flow covers the process for Admin to add new users to the system</span></p>\n<h2>&nbsp;</h2>\n<h2><span style=\"font-weight: 400;\">Interactive prototype</span></h2>\n<p><a href=\"https://projects.invisionapp.com/share/VSTQ2MSMHTE#/screens/382949538\"><span style=\"font-weight: 400;\">https://projects.invisionapp.com/share/VSTQ2MSMHTE#/screens/382949538</span></a></p>\n<h2>&nbsp;</h2>\n<h2><span style=\"font-weight: 400;\">Definition of Done</span></h2>\n<h2>&nbsp;</h2>\n<ol>\n<li style=\"font-weight: 400;\"><span style=\"font-weight: 400;\">Admin can select a way to add a new User to the system. There are two options available (https://projects.invisionapp.com/share/JXU4L44CUQH#/screens):&nbsp;</span></li>\n<ol>\n<li style=\"font-weight: 400;\"><span style=\"font-weight: 400;\">Create user &rarr; takes user to the Create User screen</span></li>\n<li style=\"font-weight: 400;\"><span style=\"font-weight: 400;\">Invite user &rarr; takes user to the Invite User screen</span></li>\n</ol>\n<li style=\"font-weight: 400;\"><span style=\"font-weight: 400;\">Admin can create a new user by providing the following information (design - </span><a href=\"https://projects.invisionapp.com/share/FVU4L6FUD9R#/screens\"><span style=\"font-weight: 400;\">https://projects.invisionapp.com/share/FVU4L6FUD9R#/screens</span></a><span style=\"font-weight: 400;\">):</span></li>\n<ol>\n<li style=\"font-weight: 400;\"><span style=\"font-weight: 400;\">Email (mandatory)</span></li>\n<li style=\"font-weight: 400;\"><span style=\"font-weight: 400;\">Username (mandatory)</span></li>\n<li style=\"font-weight: 400;\"><span style=\"font-weight: 400;\">First name and last name&nbsp;</span></li>\n<li style=\"font-weight: 400;\"><span style=\"font-weight: 400;\">&nbsp;User pic&nbsp;</span></li>\n<li style=\"font-weight: 400;\"><span style=\"font-weight: 400;\">Define if this user should be pre-activated </span><span style=\"font-weight: 400;\">(TBD with Adrian)</span></li>\n<li style=\"font-weight: 400;\"><span style=\"font-weight: 400;\">Define if user should be assigned with Admin rights</span></li>\n<ol>\n<li style=\"font-weight: 400;\"><span style=\"font-weight: 400;\">If this parameter is enabled, user should see a prompt to confirm assigning admin rights (https://projects.invisionapp.com/share/UNU4L87QRYX#/screens)</span></li>\n</ol>\n<li style=\"font-weight: 400;\"><span style=\"font-weight: 400;\">Assign user to groups (optional)</span></li>\n<li style=\"font-weight: 400;\"><span style=\"font-weight: 400;\">Define user&rsquo;s nickname</span></li>\n<li style=\"font-weight: 400;\"><span style=\"font-weight: 400;\">Select the language this user will use </span><span style=\"font-weight: 400;\">(TBD with Adrian)</span></li>\n<li style=\"font-weight: 400;\"><span style=\"font-weight: 400;\">Define external ID </span><span style=\"font-weight: 400;\">(TBD with Adrian)</span></li>\n<li style=\"font-weight: 400;\"><span style=\"font-weight: 400;\">Define user profile URL </span><span style=\"font-weight: 400;\">(TBD with Adrian)</span></li>\n<li style=\"font-weight: 400;\"><span style=\"font-weight: 400;\">Specify secondary email for this user&nbsp;</span></li>\n<li style=\"font-weight: 400;\"><span style=\"font-weight: 400;\">Add phone number</span></li>\n<li style=\"font-weight: 400;\"><span style=\"font-weight: 400;\">Define user address&nbsp;</span></li>\n<ol>\n<li style=\"font-weight: 400;\"><span style=\"font-weight: 400;\">When user clicks Add address they should see this popup (</span><a href=\"https://projects.invisionapp.com/share/3AU4L6Q4N6Z#/screens\"><span style=\"font-weight: 400;\">https://projects.invisionapp.com/share/3AU4L6Q4N6Z#/screens</span></a><span style=\"font-weight: 400;\">)</span></li>\n</ol>\n</ol>\n<li style=\"font-weight: 400;\"><span style=\"font-weight: 400;\">Errors validation (https://projects.invisionapp.com/share/YPU4L7ARAZU#/screens)</span></li>\n<ol>\n<li style=\"font-weight: 400;\"><span style=\"font-weight: 400;\">The page should have a validation for having all the required fields filled</span></li>\n<ol>\n<li style=\"font-weight: 400;\"><span style=\"font-weight: 400;\">If required field is empty it should be highlighted with a following message: &ldquo;Please add &lt;field_name&gt; to proceed</span></li>\n<li style=\"font-weight: 400;\"><span style=\"font-weight: 400;\">Email field should have simple email formatting validation</span></li>\n</ol>\n</ol>\n<li style=\"font-weight: 400;\"><span style=\"font-weight: 400;\">Define what should happen on the end user&rsquo;s end when their account is set up&nbsp;</span></li>\n</ol>", "short_description": "This flow covers the process for Admin to add new users to the system", "status": 3, "blocked": false, "featured": false, "priority": 2, "published_id": 3, "auto_approve_task_claims": true, "created_by": 2, "updated_by": 2, "comments_start": 44, "reviewer": 2, "attachment": [], "tag": [], "stack": []}}, {"model": "work.task", "pk": 23, "fields": {"created_at": "2021-02-15T17:16:54.466Z", "updated_at": "2021-03-11T10:34:15.993Z", "uuid": "39211d40-9fcc-4a2f-9bb5-5f182f1fa0a1", "initiative": 1, "capability": null, "target_work_location": "", "title": "Implement new UI for Pending Activation screen", "description": "<h2><span style=\"font-weight: 400;\">Task description</span></h2>\n<p><span style=\"font-weight: 400;\">This screen would help Admin to see the list of users who were invited to an AuthMachine instance, but did not accept their invitation yet</span></p>\n<h2><span style=\"font-weight: 400;\">Interactive prototype</span></h2>\n<p><span style=\"font-weight: 400;\">https://projects.invisionapp.com/share/VSTQ2MSMHTE#/screens/383402831</span></p>\n<h2><span style=\"font-weight: 400;\">Definition of done</span></h2>\n<ol>\n<li style=\"font-weight: 400;\"><span style=\"font-weight: 400;\">The screen should have a list of pending invitations we&rsquo;ve sent out</span></li>\n<li style=\"font-weight: 400;\"><span style=\"font-weight: 400;\">The list should have following fields:</span></li>\n<ol>\n<li style=\"font-weight: 400;\"><span style=\"font-weight: 400;\">Activation Code - the activation code we&rsquo;ve sent to a certain user</span></li>\n<li style=\"font-weight: 400;\"><span style=\"font-weight: 400;\">Invite type - medium which was used to send out an invitation</span></li>\n<li style=\"font-weight: 400;\"><span style=\"font-weight: 400;\">Email - email which was used to send an invitation</span></li>\n<li style=\"font-weight: 400;\"><span style=\"font-weight: 400;\">Phone number (if available) - phone number of a user we&rsquo;ve sent an invitation to</span></li>\n<li style=\"font-weight: 400;\"><span style=\"font-weight: 400;\">Username</span></li>\n<li style=\"font-weight: 400;\"><span style=\"font-weight: 400;\">Invited Date</span></li>\n</ol>\n<li style=\"font-weight: 400;\"><span style=\"font-weight: 400;\">User should be able to search by:</span></li>\n<ol>\n<li style=\"font-weight: 400;\"><span style=\"font-weight: 400;\">Email</span></li>\n<li style=\"font-weight: 400;\"><span style=\"font-weight: 400;\">Username</span></li>\n<li style=\"font-weight: 400;\"><span style=\"font-weight: 400;\">Phone number</span></li>\n</ol>\n<li style=\"font-weight: 400;\"><span style=\"font-weight: 400;\">Sorting should be available for these fields:</span></li>\n<ol>\n<li style=\"font-weight: 400;\"><span style=\"font-weight: 400;\">Username: Alphabetical (A-&gt;Z and Z-&gt;A)</span></li>\n<li style=\"font-weight: 400;\"><span style=\"font-weight: 400;\">Email: (A-&gt;Z and Z-&gt;A)</span></li>\n<li style=\"font-weight: 400;\"><span style=\"font-weight: 400;\">Invited date: Most Recent and Least Recent</span></li>\n</ol>\n<li style=\"font-weight: 400;\"><span style=\"font-weight: 400;\">Admin should be able to resend an invitation</span></li>\n<li style=\"font-weight: 400;\"><span style=\"font-weight: 400;\">Admin should be able to delete an invitation</span></li>\n<li style=\"font-weight: 400;\"><span style=\"font-weight: 400;\">A counter of pending activation codes should be visible on the page</span></li>\n</ol>", "short_description": "his screen would help Admin to see the list of users who were invited to an AuthMachine instance, but did not accept their invitation yet", "status": 2, "blocked": false, "featured": false, "priority": 0, "published_id": 4, "auto_approve_task_claims": true, "created_by": 2, "updated_by": 2, "comments_start": 61, "reviewer": 2, "attachment": [], "tag": [], "stack": []}}, {"model": "work.task", "pk": 24, "fields": {"created_at": "2021-02-15T17:16:55.379Z", "updated_at": "2021-03-16T16:38:40.692Z", "uuid": "39211d40-9fcc-4a2f-9bb5-5f182f1fa0a1", "initiative": 1, "capability": 2195, "target_work_location": "https://test.com", "title": "Implement new UI for Inactive screen", "description": "<h2><span style=\"font-weight: 400;\">Task description</span></h2>\n<p><span style=\"font-weight: 400;\">On this screen Admin would be able to see the list of de-activated users and have access to reviewing those users&rsquo; details and managing their records</span></p>\n<h2><span style=\"font-weight: 400;\">Interactive prototype</span></h2>\n<p><a href=\"https://projects.invisionapp.com/share/VSTQ2MSMHTE#/screens/385217264\"><span style=\"font-weight: 400;\">https://projects.invisionapp.com/share/VSTQ2MSMHTE#/screens/385217264</span></a></p>\n<h2>&nbsp;</h2>\n<ol>\n<li style=\"font-weight: 400;\"><span style=\"font-weight: 400;\">User is able to view the Active Users list, including</span></li>\n<ol>\n<li style=\"font-weight: 400;\"><span style=\"font-weight: 400;\">Username</span></li>\n<ol>\n<li style=\"font-weight: 400;\"><span style=\"font-weight: 400;\">User can go to a user details screen by clicking on the username in the list</span></li>\n</ol>\n<li style=\"font-weight: 400;\"><span style=\"font-weight: 400;\">Display Name</span></li>\n<li style=\"font-weight: 400;\"><span style=\"font-weight: 400;\">Deactivated from</span></li>\n<ol>\n<li style=\"font-weight: 400;\"><span style=\"font-weight: 400;\">if &ldquo;Deactivated from&rdquo; time is less than 1 hour the time should be displayed time in minutes (rounded)</span></li>\n<li style=\"font-weight: 400;\"><span style=\"font-weight: 400;\">if &ldquo;Deactivated from&rdquo; time is between 1 hour and 1 day time should be displayed in hours (rounded)</span></li>\n<li style=\"font-weight: 400;\"><span style=\"font-weight: 400;\">if &ldquo;Deactivated from&rdquo; time is between 1 day and 7 days, time should be displayed in days (rounded)</span></li>\n<li style=\"font-weight: 400;\"><span style=\"font-weight: 400;\">if &ldquo;Deactivated from&rdquo; is more than 7 days, time should be displayed in weeks (rounded)</span></li>\n</ol>\n<li style=\"font-weight: 400;\"><span style=\"font-weight: 400;\">Auth method can be</span></li>\n<ol>\n<li style=\"font-weight: 400;\"><span style=\"font-weight: 400;\">\"2FA\" if 2-factor authentication is enabled</span></li>\n<li style=\"font-weight: 400;\"><span style=\"font-weight: 400;\">SFA if 2-factor authentication is disabled</span></li>\n</ol>\n<li style=\"font-weight: 400;\"><span style=\"font-weight: 400;\">Groups</span></li>\n<ol>\n<li style=\"font-weight: 400;\"><span style=\"font-weight: 400;\">Groups tab should be displaying all the groups this member is a part of</span></li>\n</ol>\n<li style=\"font-weight: 400;\"><span style=\"font-weight: 400;\">User has the following quick actions which can be applied to each of the user records in the list:</span></li>\n<ol>\n<li style=\"font-weight: 400;\"><span style=\"font-weight: 400;\">Edit</span></li>\n<ol>\n<li style=\"font-weight: 400;\"><span style=\"font-weight: 400;\">Takes to the user profile page which can be edited&nbsp;</span></li>\n</ol>\n<li style=\"font-weight: 400;\"><span style=\"font-weight: 400;\">Change password</span></li>\n<ol>\n<li style=\"font-weight: 400;\"><span style=\"font-weight: 400;\">Leads to Change Password screen for a selected user</span></li>\n</ol>\n<li style=\"font-weight: 400;\"><span style=\"font-weight: 400;\">Consents and Data transfer</span></li>\n<ol>\n<li style=\"font-weight: 400;\"><span style=\"font-weight: 400;\">Takes to the Consents and Data Transfer screen for a selected user</span></li>\n</ol>\n<li style=\"font-weight: 400;\"><span style=\"font-weight: 400;\">Activate users</span></li>\n<ol>\n<li style=\"font-weight: 400;\"><span style=\"font-weight: 400;\">Moves user to the active users list</span></li>\n</ol>\n<li style=\"font-weight: 400;\"><span style=\"font-weight: 400;\">&nbsp;Delete&nbsp;</span></li>\n<ol>\n<li style=\"font-weight: 400;\"><span style=\"font-weight: 400;\">Allows to delete user from the system whatsoever</span></li>\n</ol>\n</ol>\n</ol>\n<li style=\"font-weight: 400;\"><span style=\"font-weight: 400;\">User is able to filter Active users by Group (Design:</span><a href=\"https://projects.invisionapp.com/share/VSTQ2MSMHTE#/screens/382949533\"> <span style=\"font-weight: 400;\">https://projects.invisionapp.com/share/VSTQ2MSMHTE#/screens/382949533</span></a><span style=\"font-weight: 400;\">)</span></li>\n<ol>\n<li style=\"font-weight: 400;\"><span style=\"font-weight: 400;\">User has \"Only Admins\" and \"Only Locked\" filters always visible</span></li>\n<li style=\"font-weight: 400;\"><span style=\"font-weight: 400;\">User can select one or more groups to filter active users by</span></li>\n<ol>\n<li style=\"font-weight: 400;\"><span style=\"font-weight: 400;\">Once a filter is enabled, user can clear the selection or remove each individual filter</span></li>\n</ol>\n</ol>\n<li style=\"font-weight: 400;\"><span style=\"font-weight: 400;\">Mass selection and actions</span></li>\n<ol>\n<li style=\"font-weight: 400;\"><span style=\"font-weight: 400;\">Designs:</span></li>\n<ol>\n<li style=\"font-weight: 400;\"><a href=\"https://projects.invisionapp.com/share/TVU4L22NQR5#/screens\"><span style=\"font-weight: 400;\">https://projects.invisionapp.com/share/VSTQ2MSMHTE#/screens/382949533</span></a></li>\n<li style=\"font-weight: 400;\"><a href=\"https://projects.invisionapp.com/share/UAU4L2BVYT6#/screens\"><span style=\"font-weight: 400;\">https://projects.invisionapp.com/share/UAU4L2BVYT6#/screens</span></a></li>\n<li style=\"font-weight: 400;\"><span style=\"font-weight: 400;\">https://projects.invisionapp.com/share/GUU4L2X6ENK#/screens</span></li>\n</ol>\n<li style=\"font-weight: 400;\"><span style=\"font-weight: 400;\">User can select single or multiple entry via a checkbox</span></li>\n<li style=\"font-weight: 400;\"><span style=\"font-weight: 400;\">User has then mass deactivate and mass delete entries from the list</span></li>\n<ol>\n<li style=\"font-weight: 400;\"><span style=\"font-weight: 400;\">If &ldquo;Delete&rdquo; option is selected confirmation prompt should show up</span></li>\n<ol>\n<li style=\"font-weight: 400;\"><span style=\"font-weight: 400;\">Copy:</span></li>\n<ol>\n<li style=\"font-weight: 400;\"><span style=\"font-weight: 400;\">For Single user deletion: &ldquo;Are you sure want to remove all information related to &lt;username&gt; in AuthMachine and all relying parties? This action can not be undone&rdquo;</span></li>\n<li style=\"font-weight: 400;\"><span style=\"font-weight: 400;\">For multiple users: &ldquo;Are you sure want to remove all information related to &lt;users_selected_count&gt; in AuthMachine and all relying parties? This action can not be undone&rdquo;</span></li>\n</ol>\n</ol>\n</ol>\n</ol>\n<li style=\"font-weight: 400;\"><span style=\"font-weight: 400;\">User should be able to search by:</span></li>\n<ol>\n<li style=\"font-weight: 400;\"><span style=\"font-weight: 400;\">Username</span></li>\n<li style=\"font-weight: 400;\"><span style=\"font-weight: 400;\">Display name (essentialy first name and last name)</span></li>\n</ol>\n<li style=\"font-weight: 400;\"><span style=\"font-weight: 400;\">Sorting should be available for these fields:</span></li>\n<ol>\n<li style=\"font-weight: 400;\"><span style=\"font-weight: 400;\">Username: Alphabetical (A-&gt;Z and Z-&gt;A)</span></li>\n<li style=\"font-weight: 400;\"><span style=\"font-weight: 400;\">Display name: (A-&gt;Z and Z-&gt;A)</span></li>\n<li style=\"font-weight: 400;\"><span style=\"font-weight: 400;\">Last login: Most Recent and Least Recent</span></li>\n</ol>\n</ol>", "short_description": "On this screen Admin would be able to see the list of de-activated users and have access to reviewing those users&rsquo; details and managing their records", "status": 1, "blocked": false, "featured": false, "priority": 0, "published_id": 5, "auto_approve_task_claims": true, "created_by": 2, "updated_by": 2, "comments_start": null, "reviewer": 4, "attachment": [], "tag": [2, 3], "stack": [2, 3]}}, {"model": "work.task", "pk": 25, "fields": {"created_at": "2021-02-15T17:16:56.053Z", "updated_at": "2021-03-11T10:34:16.018Z", "uuid": "39211d40-9fcc-4a2f-9bb5-5f182f1fa0a1", "initiative": 1, "capability": null, "target_work_location": "", "title": "Implement new UI for User Details screen", "description": "<h2><span style=\"font-weight: 400;\">Task description</span></h2>\n<p><span style=\"font-weight: 400;\">This screen is a home for all the details related to a specific user in the system. In terms of this task we are going to reorganise the layout and introduce a bunch of UX improvements to handle those better</span></p>\n<p><span style=\"font-weight: 400;\">It consists of two tabs:&nbsp;</span></p>\n<ul>\n<li style=\"font-weight: 400;\"><span style=\"font-weight: 400;\">Common Information - where we list all the user parameters/details</span></li>\n<li style=\"font-weight: 400;\"><span style=\"font-weight: 400;\">Permission - where we manage specific permissions this user has</span></li>\n</ul>\n<h2><span style=\"font-weight: 400;\">Prototype</span></h2>\n<p><a href=\"https://projects.invisionapp.com/share/VSTQ2MSMHTE#/screens/383402843\"><span style=\"font-weight: 400;\">https://projects.invisionapp.com/share/VSTQ2MSMHTE#/screens/383402843</span></a></p>\n<h2><span style=\"font-weight: 400;\">Definition of done</span></h2>\n<ol>\n<li style=\"font-weight: 400;\"><span style=\"font-weight: 400;\">Common information tab has the following fields listed</span></li>\n<ol>\n<li style=\"font-weight: 400;\"><span style=\"font-weight: 400;\">Email (required, can not be left empty)</span></li>\n<li style=\"font-weight: 400;\"><span style=\"font-weight: 400;\">Username</span></li>\n<li style=\"font-weight: 400;\"><span style=\"font-weight: 400;\">Full name: First name and Last Name</span></li>\n<li style=\"font-weight: 400;\"><span style=\"font-weight: 400;\">Avatar (user can upload an image, delete it)</span></li>\n<li style=\"font-weight: 400;\"><span style=\"font-weight: 400;\">&ldquo;Activated&rdquo; switcher</span></li>\n<ol>\n<li style=\"font-weight: 400;\"><span style=\"font-weight: 400;\">Admin can deactivate user any time by disabling this attribute</span></li>\n</ol>\n<li style=\"font-weight: 400;\"><span style=\"font-weight: 400;\">&ldquo;Admin&rdquo; switcher</span></li>\n<ol>\n<li style=\"font-weight: 400;\"><span style=\"font-weight: 400;\">Admin can assign a user with Admin right to have access to all the admin features in the admin panel</span></li>\n</ol>\n<li style=\"font-weight: 400;\"><span style=\"font-weight: 400;\">Groups (dropdown, multiple select): indicates which groups this user is assigned to</span></li>\n<li style=\"font-weight: 400;\"><span style=\"font-weight: 400;\">Nick Name</span></li>\n<li style=\"font-weight: 400;\"><span style=\"font-weight: 400;\">Language: should have a dropdown of available languages. When picked should switch the language for a user to the selected locale (we can have only English for now as we will be adding&nbsp;</span></li>\n<li style=\"font-weight: 400;\"><span style=\"font-weight: 400;\">User Type (dropdown, single select): assigns the user with a certain User Type. User types should be pulled from the available user types admin sets in the settings</span></li>\n<li style=\"font-weight: 400;\"><span style=\"font-weight: 400;\">External ID </span><span style=\"font-weight: 400;\">(TBD with Adrian)</span></li>\n<li style=\"font-weight: 400;\"><span style=\"font-weight: 400;\">User profile URL </span><span style=\"font-weight: 400;\">(TBD with Adrian)</span></li>\n<li style=\"font-weight: 400;\"><span style=\"font-weight: 400;\">Specify secondary email for this user&nbsp;</span></li>\n<li style=\"font-weight: 400;\"><span style=\"font-weight: 400;\">Add phone number</span></li>\n<li style=\"font-weight: 400;\"><span style=\"font-weight: 400;\">User address&nbsp;</span></li>\n<li style=\"font-weight: 400;\"><span style=\"font-weight: 400;\">Last 10 event log records should be displayed on the page</span></li>\n</ol>\n<li style=\"font-weight: 400;\"><span style=\"font-weight: 400;\">All off these fields should be editable by the admin by clicking Edit button</span></li>\n<li style=\"font-weight: 400;\"><span style=\"font-weight: 400;\">Admin should be able to delete the account</span></li>\n<li style=\"font-weight: 400;\"><span style=\"font-weight: 400;\">Permissions tab should have a list of Objects and Permission Types this user&nbsp;</span></li>\n<ol>\n<li style=\"font-weight: 400;\"><span style=\"font-weight: 400;\">Admin should be able to add Permissions to the list</span></li>\n<ol>\n<li style=\"font-weight: 400;\"><span style=\"font-weight: 400;\">For each permission there must be at least one Object and corresponding Permission type specified</span></li>\n</ol>\n<li style=\"font-weight: 400;\"><span style=\"font-weight: 400;\">Admin should be able to delete any object/permission type combination</span></li>\n</ol>\n</ol>", "short_description": "This screen is a home for all the details related to a specific user in the system. In terms of this task we are going to reorganise the layout and introduce a bunch of UX improvements to handle those better", "status": 2, "blocked": false, "featured": false, "priority": 1, "published_id": 6, "auto_approve_task_claims": true, "created_by": 2, "updated_by": 2, "comments_start": null, "reviewer": 2, "attachment": [], "tag": [], "stack": []}}, {"model": "work.task", "pk": 26, "fields": {"created_at": "2021-02-15T17:16:57.155Z", "updated_at": "2021-03-11T10:34:16.027Z", "uuid": "39211d40-9fcc-4a2f-9bb5-5f182f1fa0a1", "initiative": 1, "capability": null, "target_work_location": "", "title": "Implement new UI for Groups section", "description": "<h2><span style=\"font-weight: 400;\">Task description</span></h2>\n<p><span style=\"font-weight: 400;\">Groups are an essential part of AuthMachine. A Group serves to simplify user access management permissions by adding user to a group and managing permissions on a group level.</span></p>\n<h2><span style=\"font-weight: 400;\">Prototype</span></h2>\n<p><a href=\"https://projects.invisionapp.com/share/B7U4R4IZ3DX#/screens/386102690\"><span style=\"font-weight: 400;\">https://projects.invisionapp.com/share/B7U4R4IZ3DX#/screens/386102690</span></a></p>\n<h2><span style=\"font-weight: 400;\">Definition of Done</span></h2>\n<ol>\n<li style=\"font-weight: 400;\"><span style=\"font-weight: 400;\">Admin can add any number of groups they want</span></li>\n<li style=\"font-weight: 400;\"><span style=\"font-weight: 400;\">While creating a group Admin should specify the following:</span></li>\n<ol>\n<li style=\"font-weight: 400;\"><span style=\"font-weight: 400;\">Group name</span></li>\n<li style=\"font-weight: 400;\"><span style=\"font-weight: 400;\">Login redirect URL (optional)&nbsp;</span></li>\n</ol>\n<li style=\"font-weight: 400;\"><span style=\"font-weight: 400;\">Once group is added, Admin can add Objects and Corresponding permissions types based on the Objects and Permission types available in their account</span></li>\n<li style=\"font-weight: 400;\"><span style=\"font-weight: 400;\">Admin can add any users from their space to the group</span></li>\n<li style=\"font-weight: 400;\"><span style=\"font-weight: 400;\">Admin can search users by user name, first name, last name or email</span></li>\n<li style=\"font-weight: 400;\"><span style=\"font-weight: 400;\">Admin can edit group details</span></li>\n<li style=\"font-weight: 400;\"><span style=\"font-weight: 400;\">Admin can delete groups</span></li>\n</ol>", "short_description": "Groups are an essential part of AuthMachine. A Group serves to simplify user access management permissions by adding user to a group and managing permissions on a group level", "status": 2, "blocked": false, "featured": false, "priority": 2, "published_id": 7, "auto_approve_task_claims": true, "created_by": 2, "updated_by": 2, "comments_start": null, "reviewer": 2, "attachment": [], "tag": [], "stack": []}}, {"model": "work.task", "pk": 27, "fields": {"created_at": "2021-02-15T17:16:57.809Z", "updated_at": "2021-03-15T17:42:21.414Z", "uuid": "39211d40-9fcc-4a2f-9bb5-5f182f1fa0a1", "initiative": 1, "capability": null, "target_work_location": "", "title": "Design Add group page", "description": "<h2><span style=\"font-weight: 400;\">Task description</span></h2>\n<p><span style=\"font-weight: 400;\">We have Groups page designed and ready to be implemented. However we do not have a design for the flow covering adding a new group to the system</span></p>\n<p><span style=\"font-weight: 400;\">NOTE: Please, make sure you are using Ant Design System (https://ant.design/)</span></p>\n<h2><span style=\"font-weight: 400;\">Definition of done</span></h2>\n<p><span style=\"font-weight: 400;\">Create a Figma or Sketch file covering the following flow</span></p>\n<ol>\n<li style=\"font-weight: 400;\"><span style=\"font-weight: 400;\">User is located on the Groups page ( </span><a href=\"https://projects.invisionapp.com/share/B7U4R4IZ3DX#/screens/386102690\"><span style=\"font-weight: 400;\">https://projects.invisionapp.com/share/B7U4R4IZ3DX#/screens/386102690</span></a><span style=\"font-weight: 400;\">)</span></li>\n<li style=\"font-weight: 400;\"><span style=\"font-weight: 400;\">They click &ldquo;Add Group&rdquo; button</span></li>\n<li style=\"font-weight: 400;\"><span style=\"font-weight: 400;\">There should be a separate page where user can input the following information:</span></li>\n<ol>\n<li style=\"font-weight: 400;\"><span style=\"font-weight: 400;\">Group Name</span></li>\n<li style=\"font-weight: 400;\"><span style=\"font-weight: 400;\">Login Redirect URL (should be optional)</span></li>\n</ol>\n</ol>", "short_description": "We have Groups page designed and ready to be implemented. However we do not have a design for the flow covering adding a new group to the system", "status": 3, "blocked": false, "featured": false, "priority": 1, "published_id": 8, "auto_approve_task_claims": true, "created_by": 2, "updated_by": 2, "comments_start": 82, "reviewer": 2, "attachment": [], "tag": [], "stack": []}}, {"model": "work.task", "pk": 28, "fields": {"created_at": "2021-02-15T17:16:57.809Z", "updated_at": "2021-03-11T10:34:16.047Z", "uuid": "39211d40-9fcc-4a2f-9bb5-5f182f1fa0a1", "initiative": 1, "capability": null, "target_work_location": "", "title": "Implement Add group page", "description": "<h2><span style=\"font-weight: 400;\">Task description</span></h2>\n<p><span style=\"font-weight: 400;\">We have Groups page designer and ready to be implemented. However we do not have a design for the flow covering adding a new group to the system</span></p>\n<h2>&nbsp;</h2>\n<h2><span style=\"font-weight: 400;\">Prototype/designs</span></h2>\n<p><span style=\"font-weight: 400;\">TBD</span></p>\n<h2><span style=\"font-weight: 400;\">Definition of done</span></h2>\n<p><span style=\"font-weight: 400;\">Create a Figma or Sketch file covering the following flow</span></p>\n<ol>\n<li style=\"font-weight: 400;\"><span style=\"font-weight: 400;\">User is located on the Groups page ( </span><a href=\"https://projects.invisionapp.com/share/B7U4R4IZ3DX#/screens/386102690\"><span style=\"font-weight: 400;\">https://projects.invisionapp.com/share/B7U4R4IZ3DX#/screens/386102690</span></a><span style=\"font-weight: 400;\">)</span></li>\n<li style=\"font-weight: 400;\"><span style=\"font-weight: 400;\">They click &ldquo;Add Group&rdquo; button</span></li>\n<li style=\"font-weight: 400;\"><span style=\"font-weight: 400;\">There should be a separate page where user can input the following information:</span></li>\n<ol>\n<li style=\"font-weight: 400;\"><span style=\"font-weight: 400;\">Group Name</span></li>\n<li style=\"font-weight: 400;\"><span style=\"font-weight: 400;\">Login Redirect URL (should be optional)</span></li>\n<ol>\n<li style=\"font-weight: 400;\"><span style=\"font-weight: 400;\">i</span><span style=\"font-weight: 400;\">f user defines this redirect URL for a group, it&rsquo;s members are getting redirected to a particular url if they login directly</span></li>\n</ol>\n</ol>\n</ol>", "short_description": "We have Groups page designer and ready to be implemented. However we do not have a design for the flow covering adding a new group to the system", "status": 2, "blocked": false, "featured": false, "priority": 2, "published_id": 9, "auto_approve_task_claims": true, "created_by": 2, "updated_by": 2, "comments_start": null, "reviewer": 2, "attachment": [], "tag": [], "stack": []}}, {"model": "work.task", "pk": 29, "fields": {"created_at": "2021-02-15T17:16:57.809Z", "updated_at": "2021-03-11T10:34:16.055Z", "uuid": "39211d40-9fcc-4a2f-9bb5-5f182f1fa0a1", "initiative": 1, "capability": null, "target_work_location": "", "title": "Implement Active tab on Devices page", "description": "<h2><span style=\"font-weight: 400;\">Task description</span></h2>\n<p><span style=\"font-weight: 400;\">Active devices page allows admins to monitor active devices their tenants are using and block suspicious devices manually if needed</span></p>\n<h2><span style=\"font-weight: 400;\">Prototype</span></h2>\n<p><a href=\"https://projects.invisionapp.com/share/VSTQ2MSMHTE#/screens/385622270\"><span style=\"font-weight: 400;\">https://projects.invisionapp.com/share/VSTQ2MSMHTE#/screens/385622270</span></a></p>\n<h2>&nbsp;</h2>\n<h2><span style=\"font-weight: 400;\">Definition of done</span></h2>\n<ol>\n<li style=\"font-weight: 400;\"><span style=\"font-weight: 400;\">Admin can see all the devices tenants used to authorise with AuthMachine with the following details</span></li>\n<ol>\n<li style=\"font-weight: 400;\"><span style=\"font-weight: 400;\">Device ID - generated on the backend</span></li>\n<li style=\"font-weight: 400;\"><span style=\"font-weight: 400;\">Fingerprint - unique ID created based on the number of factors</span></li>\n<li style=\"font-weight: 400;\"><span style=\"font-weight: 400;\">Type - device type</span></li>\n<ol>\n<li style=\"font-weight: 400;\"><span style=\"font-weight: 400;\">Desktop</span></li>\n<li style=\"font-weight: 400;\"><span style=\"font-weight: 400;\">Mobile</span></li>\n</ol>\n<li style=\"font-weight: 400;\"><span style=\"font-weight: 400;\">Brower - browser name and it&rsquo;s version</span></li>\n<li style=\"font-weight: 400;\"><span style=\"font-weight: 400;\">OS - OS version and it&rsquo;s version</span></li>\n<li style=\"font-weight: 400;\"><span style=\"font-weight: 400;\">Last event - last logged event for this device</span></li>\n</ol>\n<li style=\"font-weight: 400;\"><span style=\"font-weight: 400;\">Admin should be able to lock the device from accessing the AuthMachine space</span></li>\n<li style=\"font-weight: 400;\"><span style=\"font-weight: 400;\">User should be able to search the list by:</span></li>\n<ol>\n<li style=\"font-weight: 400;\"><span style=\"font-weight: 400;\">ID</span></li>\n<li style=\"font-weight: 400;\"><span style=\"font-weight: 400;\">Fingerprint</span></li>\n</ol>\n<li style=\"font-weight: 400;\"><span style=\"font-weight: 400;\">Filters available:</span></li>\n<ol>\n<li style=\"font-weight: 400;\"><span style=\"font-weight: 400;\">By device type</span></li>\n<li style=\"font-weight: 400;\"><span style=\"font-weight: 400;\">By Name</span></li>\n<li style=\"font-weight: 400;\"><span style=\"font-weight: 400;\">By Browser</span></li>\n<li style=\"font-weight: 400;\"><span style=\"font-weight: 400;\">By OS</span></li>\n</ol>\n<li style=\"font-weight: 400;\"><span style=\"font-weight: 400;\">Sorting:</span></li>\n<ol>\n<li style=\"font-weight: 400;\"><span style=\"font-weight: 400;\">ID, Fingerprint, Type, Name, Browser, and OS should be sortable Alphabetically (A &rarr; Z and Z &rarr; A)</span></li>\n<li style=\"font-weight: 400;\"><span style=\"font-weight: 400;\">Last event should be sortable by time (Recent &rarr; Older, Older &rarr; Recent)&nbsp;</span></li>\n</ol>\n<li style=\"font-weight: 400;\"><span style=\"font-weight: 400;\">Number of entries should be visible</span></li>\n</ol>", "short_description": "Active devices page allows admins to monitor active devices their tenants are using and block suspicious devices manually if needed", "status": 2, "blocked": false, "featured": false, "priority": 2, "published_id": 10, "auto_approve_task_claims": true, "created_by": 2, "updated_by": 2, "comments_start": null, "reviewer": 2, "attachment": [], "tag": [], "stack": []}}, {"model": "work.task", "pk": 30, "fields": {"created_at": "2021-02-15T17:16:57.809Z", "updated_at": "2021-03-11T10:34:16.067Z", "uuid": "39211d40-9fcc-4a2f-9bb5-5f182f1fa0a1", "initiative": 1, "capability": null, "target_work_location": "", "title": "Implement Blocked tab on Devices page", "description": "<h2><span style=\"font-weight: 400;\">Task description</span></h2>\n<p><span style=\"font-weight: 400;\">Active devices page allows admins to monitor blocked devices their tenants are using and block suspicious devices manually if needed</span></p>\n<h2><span style=\"font-weight: 400;\">Prototype</span></h2>\n<p><a href=\"https://projects.invisionapp.com/share/VSTQ2MSMHTE#/screens/386124442\"><span style=\"font-weight: 400;\">https://projects.invisionapp.com/share/VSTQ2MSMHTE#/screens/386124442</span></a></p>\n<h2>&nbsp;</h2>\n<ol>\n<li style=\"font-weight: 400;\"><span style=\"font-weight: 400;\">Admin can see all the blocked devices tenants used to authorise with AuthMachine with the following details</span></li>\n<ol>\n<li style=\"font-weight: 400;\"><span style=\"font-weight: 400;\">Device ID - generated on the backend</span></li>\n<li style=\"font-weight: 400;\"><span style=\"font-weight: 400;\">Fingeprint - unique ID created based on the number of factors</span></li>\n<li style=\"font-weight: 400;\"><span style=\"font-weight: 400;\">Type - device type</span></li>\n<ol>\n<li style=\"font-weight: 400;\"><span style=\"font-weight: 400;\">Desktop</span></li>\n<li style=\"font-weight: 400;\"><span style=\"font-weight: 400;\">Mobile</span></li>\n</ol>\n<li style=\"font-weight: 400;\"><span style=\"font-weight: 400;\">Brower - browser name and it&rsquo;s version</span></li>\n<li style=\"font-weight: 400;\"><span style=\"font-weight: 400;\">OS - OS version and it&rsquo;s version</span></li>\n<li style=\"font-weight: 400;\"><span style=\"font-weight: 400;\">Last event - last logged event for this device</span></li>\n</ol>\n<li style=\"font-weight: 400;\"><span style=\"font-weight: 400;\">Admin should be able to Unblock the device from accessing the AuthMachine space</span></li>\n<li style=\"font-weight: 400;\"><span style=\"font-weight: 400;\">User should be able to search the list by:</span></li>\n<ol>\n<li style=\"font-weight: 400;\"><span style=\"font-weight: 400;\">ID</span></li>\n<li style=\"font-weight: 400;\"><span style=\"font-weight: 400;\">Fingerprint</span></li>\n</ol>\n<li style=\"font-weight: 400;\"><span style=\"font-weight: 400;\">Filters available:</span></li>\n<ol>\n<li style=\"font-weight: 400;\"><span style=\"font-weight: 400;\">By device type</span></li>\n<li style=\"font-weight: 400;\"><span style=\"font-weight: 400;\">By Name</span></li>\n<li style=\"font-weight: 400;\"><span style=\"font-weight: 400;\">By Browser</span></li>\n<li style=\"font-weight: 400;\"><span style=\"font-weight: 400;\">By OS</span></li>\n</ol>\n<li style=\"font-weight: 400;\"><span style=\"font-weight: 400;\">Sorting:</span></li>\n<ol>\n<li style=\"font-weight: 400;\"><span style=\"font-weight: 400;\">ID, Fingerprint, Type, Name, Browser, and OS should be sortable Alphabetically (A &rarr; Z and Z &rarr; A)</span></li>\n<li style=\"font-weight: 400;\"><span style=\"font-weight: 400;\">Last event should be sortable by time (Recent &rarr; Older, Older &rarr; Recent)&nbsp;</span></li>\n</ol>\n<li style=\"font-weight: 400;\"><span style=\"font-weight: 400;\">Number of entries should be visible</span></li>\n</ol>", "short_description": "Active devices page allows admins to monitor blocked devices their tenants are using and block suspicious devices manually if needed", "status": 2, "blocked": false, "featured": false, "priority": 1, "published_id": 11, "auto_approve_task_claims": true, "created_by": 2, "updated_by": 2, "comments_start": null, "reviewer": 2, "attachment": [], "tag": [], "stack": []}}, {"model": "work.task", "pk": 31, "fields": {"created_at": "2021-02-15T17:16:57.809Z", "updated_at": "2021-03-11T10:34:16.078Z", "uuid": "39211d40-9fcc-4a2f-9bb5-5f182f1fa0a1", "initiative": 1, "capability": null, "target_work_location": "", "title": "Implement Device details page in Devices section", "description": "<h2><span style=\"font-weight: 400;\">Task description</span></h2>\n<p><span style=\"font-weight: 400;\">On this page user can see the details for a certain device their tenants used to access thei AuthMachine instance and Block/Unblock a device if needed</span></p>\n<h2><span style=\"font-weight: 400;\">Prototype</span></h2>\n<h2>&nbsp;</h2>\n<p><a href=\"https://projects.invisionapp.com/share/VSTQ2MSMHTE#/screens/385622271\"><span style=\"font-weight: 400;\">https://projects.invisionapp.com/share/VSTQ2MSMHTE#/screens/385622271</span></a></p>\n<p><span style=\"font-weight: 400;\">https://projects.invisionapp.com/share/VSTQ2MSMHTE#/screens/386124443</span></p>\n<h2><span style=\"font-weight: 400;\">Definition of done]</span></h2>\n<h2>&nbsp;</h2>\n<ol>\n<li style=\"font-weight: 400;\"><span style=\"font-weight: 400;\">Admin should see the Device ID on top of the page</span></li>\n<li style=\"font-weight: 400;\"><span style=\"font-weight: 400;\">Following info about the device should be available</span></li>\n<ol>\n<li style=\"font-weight: 400;\"><span style=\"font-weight: 400;\">Device type</span></li>\n<li style=\"font-weight: 400;\"><span style=\"font-weight: 400;\">Device name</span></li>\n<li style=\"font-weight: 400;\"><span style=\"font-weight: 400;\">Browser</span></li>\n<li style=\"font-weight: 400;\"><span style=\"font-weight: 400;\">Operating system</span></li>\n</ol>\n<li style=\"font-weight: 400;\"><span style=\"font-weight: 400;\">Device Events tab should have last 10 events associated with this device listed</span></li>\n<li style=\"font-weight: 400;\"><span style=\"font-weight: 400;\">Admin should be able to:</span></li>\n<ol>\n<li style=\"font-weight: 400;\"><span style=\"font-weight: 400;\">Block a device if it&rsquo;s active</span></li>\n<li style=\"font-weight: 400;\"><span style=\"font-weight: 400;\">Unblock a device if it&rsquo;s Blocked</span></li>\n</ol>\n<li style=\"font-weight: 400;\"><span style=\"font-weight: 400;\">User should be able to go to the list of Blocked/Active devices from this page</span></li>\n</ol>", "short_description": "On this page user can see the details for a certain device their tenants used to access thei AuthMachine instance and Block/Unblock a device if needed", "status": 2, "blocked": false, "featured": false, "priority": 1, "published_id": 12, "auto_approve_task_claims": true, "created_by": 2, "updated_by": 2, "comments_start": null, "reviewer": 2, "attachment": [], "tag": [], "stack": []}}, {"model": "work.task", "pk": 32, "fields": {"created_at": "2021-02-15T17:16:57.809Z", "updated_at": "2021-03-15T17:43:31.066Z", "uuid": "39211d40-9fcc-4a2f-9bb5-5f182f1fa0a1", "initiative": 1, "capability": null, "target_work_location": "", "title": "Implement Objects list view in Objects section", "description": "<h2><span style=\"font-weight: 400;\">Task description</span></h2>\n<p><span style=\"font-weight: 400;\">Objects are parts of th</span></p>\n<h2><span style=\"font-weight: 400;\">Prototype</span></h2>\n<p><span style=\"font-weight: 400;\">https://projects.invisionapp.com/share/VSTQ2MSMHTE#/screens/385628065</span></p>\n<h2><span style=\"font-weight: 400;\">Definition of Done</span></h2>\n<ol>\n<li style=\"font-weight: 400;\"><span style=\"font-weight: 400;\">Create the &ldquo;Objects&rdquo; table view with the following columns</span></li>\n<ol>\n<li style=\"font-weight: 400;\"><span style=\"font-weight: 400;\">Name</span></li>\n<li style=\"font-weight: 400;\"><span style=\"font-weight: 400;\">Code</span></li>\n<li style=\"font-weight: 400;\"><span style=\"font-weight: 400;\">Parent</span></li>\n</ol>\n<li style=\"font-weight: 400;\"><span style=\"font-weight: 400;\">Users should be able to search objects by</span></li>\n<ol>\n<li style=\"font-weight: 400;\"><span style=\"font-weight: 400;\">Name</span></li>\n<li style=\"font-weight: 400;\"><span style=\"font-weight: 400;\">Code&nbsp;</span></li>\n</ol>\n<li style=\"font-weight: 400;\"><span style=\"font-weight: 400;\">User should be able to go to &ldquo;Add Object&rdquo; screen</span></li>\n<li style=\"font-weight: 400;\"><span style=\"font-weight: 400;\">User should be able to go to Edit Object screen</span></li>\n<li style=\"font-weight: 400;\"><span style=\"font-weight: 400;\">User should be able to delete specific object</span></li>\n</ol>", "short_description": "Objects are parts of th", "status": 3, "blocked": false, "featured": false, "priority": 1, "published_id": 13, "auto_approve_task_claims": true, "created_by": 2, "updated_by": 2, "comments_start": null, "reviewer": 2, "attachment": [], "tag": [], "stack": []}}, {"model": "work.task", "pk": 33, "fields": {"created_at": "2021-02-15T17:16:57.809Z", "updated_at": "2021-03-11T10:34:16.092Z", "uuid": "39211d40-9fcc-4a2f-9bb5-5f182f1fa0a1", "initiative": 1, "capability": null, "target_work_location": "", "title": "Implement Add object page in Objects section", "description": "<h2><span style=\"font-weight: 400;\">Task description</span></h2>\n<p><span style=\"font-weight: 400;\">On this screen we should let users create new objects in the system</span></p>\n<h2><span style=\"font-weight: 400;\">Prototype</span></h2>\n<p><span style=\"font-weight: 400;\">https://projects.invisionapp.com/share/VSTQ2MSMHTE#/screens/385628067</span></p>\n<h2><span style=\"font-weight: 400;\">Definition of Done</span></h2>\n<ol>\n<li style=\"font-weight: 400;\"><span style=\"font-weight: 400;\">User should be able to create a new object by providing</span></li>\n<ol>\n<li style=\"font-weight: 400;\"><span style=\"font-weight: 400;\">Name</span></li>\n<li style=\"font-weight: 400;\"><span style=\"font-weight: 400;\">Code</span></li>\n<li style=\"font-weight: 400;\"><span style=\"font-weight: 400;\">Parent (optional)</span></li>\n<ol>\n<li style=\"font-weight: 400;\"><span style=\"font-weight: 400;\">Parent could be any existing object in the system</span></li>\n</ol>\n</ol>\n<li style=\"font-weight: 400;\"><span style=\"font-weight: 400;\">Users should be able to go back to the objects list</span></li>\n</ol>", "short_description": "On this screen we should let users create new objects in the system", "status": 2, "blocked": false, "featured": false, "priority": 2, "published_id": 14, "auto_approve_task_claims": true, "created_by": 2, "updated_by": 2, "comments_start": null, "reviewer": 2, "attachment": [], "tag": [], "stack": []}}, {"model": "work.task", "pk": 34, "fields": {"created_at": "2021-02-15T17:16:57.809Z", "updated_at": "2021-03-11T10:34:16.103Z", "uuid": "39211d40-9fcc-4a2f-9bb5-5f182f1fa0a1", "initiative": 1, "capability": null, "target_work_location": "", "title": "Implement Permission types list view ", "description": "<h2><span style=\"font-weight: 400;\">Task description</span></h2>\n<p><span style=\"font-weight: 400;\">On this screen user can see the permission types available in the system at the moment and they can proceed to creating new permission types or modify the list</span></p>\n<h2><span style=\"font-weight: 400;\">Prototype</span></h2>\n<p><span style=\"font-weight: 400;\">https://projects.invisionapp.com/share/VSTQ2MSMHTE#/screens/385632124</span></p>\n<h2><span style=\"font-weight: 400;\">Definition of Done</span></h2>\n<ol>\n<li style=\"font-weight: 400;\"><span style=\"font-weight: 400;\">Create the &ldquo;Permission types&rdquo; table view with the following columns</span></li>\n<ol>\n<li style=\"font-weight: 400;\"><span style=\"font-weight: 400;\">Name</span></li>\n<li style=\"font-weight: 400;\"><span style=\"font-weight: 400;\">Code</span></li>\n</ol>\n<li style=\"font-weight: 400;\"><span style=\"font-weight: 400;\">Users should be able to search objects by</span></li>\n<ol>\n<li style=\"font-weight: 400;\"><span style=\"font-weight: 400;\">Name</span></li>\n<li style=\"font-weight: 400;\"><span style=\"font-weight: 400;\">Code&nbsp;</span></li>\n</ol>\n<li style=\"font-weight: 400;\"><span style=\"font-weight: 400;\">User should be able to go to &ldquo;Add Permission Type&rdquo; screen</span></li>\n<li style=\"font-weight: 400;\"><span style=\"font-weight: 400;\">User should be able to go to Edit Permission screen</span></li>\n<li style=\"font-weight: 400;\"><span style=\"font-weight: 400;\">User should be able to delete specific object</span></li>\n</ol>", "short_description": "On this screen user can see the permission types available in the system at the moment and they can proceed to creating new permission types or modify the list", "status": 2, "blocked": false, "featured": false, "priority": 1, "published_id": 15, "auto_approve_task_claims": true, "created_by": 2, "updated_by": 2, "comments_start": null, "reviewer": 2, "attachment": [], "tag": [], "stack": []}}, {"model": "work.task", "pk": 35, "fields": {"created_at": "2021-02-15T17:16:57.809Z", "updated_at": "2021-03-11T10:34:16.112Z", "uuid": "39211d40-9fcc-4a2f-9bb5-5f182f1fa0a1", "initiative": 1, "capability": null, "target_work_location": "", "title": "Implement Add Permission type page in Permission types section", "description": "<h2><span style=\"font-weight: 400;\">Task description</span></h2>\n<p><span style=\"font-weight: 400;\">On this screen we should let users create new permission types in the system</span></p>\n<h2><span style=\"font-weight: 400;\">Prototype</span></h2>\n<p><span style=\"font-weight: 400;\">https://projects.invisionapp.com/share/VSTQ2MSMHTE#/screens/385632126</span></p>\n<h2><span style=\"font-weight: 400;\">Definition of Done</span></h2>\n<ol>\n<li style=\"font-weight: 400;\"><span style=\"font-weight: 400;\">User should be able to create a new object by providing</span></li>\n<ol>\n<li style=\"font-weight: 400;\"><span style=\"font-weight: 400;\">Name</span></li>\n<li style=\"font-weight: 400;\"><span style=\"font-weight: 400;\">Code</span></li>\n</ol>\n<li style=\"font-weight: 400;\"><span style=\"font-weight: 400;\">Users should be able to go back to the Permission types list</span></li>\n</ol>", "short_description": "On this screen we should let users create new permission types in the system", "status": 2, "blocked": false, "featured": false, "priority": 1, "published_id": 16, "auto_approve_task_claims": true, "created_by": 2, "updated_by": 2, "comments_start": null, "reviewer": 2, "attachment": [], "tag": [], "stack": []}}, {"model": "work.task", "pk": 36, "fields": {"created_at": "2021-02-15T17:16:57.809Z", "updated_at": "2021-03-11T10:34:16.122Z", "uuid": "39211d40-9fcc-4a2f-9bb5-5f182f1fa0a1", "initiative": 1, "capability": null, "target_work_location": "", "title": "Implement Events list page in Events section", "description": "<h2><span style=\"font-weight: 400;\">Task description</span></h2>\n<p><span style=\"font-weight: 400;\">This screen serves as a register of all the events registered in the system for the user&rsquo;s directory.&nbsp;</span></p>\n<h2><span style=\"font-weight: 400;\">Prototype</span></h2>\n<p><a href=\"https://projects.invisionapp.com/share/VSTQ2MSMHTE#/screens/385843699\"><span style=\"font-weight: 400;\">https://projects.invisionapp.com/share/VSTQ2MSMHTE#/screens/385843699</span></a></p>\n<h2><span style=\"font-weight: 400;\">Definition of done</span></h2>\n<ol>\n<li style=\"font-weight: 400;\"><span style=\"font-weight: 400;\">Any event happening in the system should be displayed in the system</span></li>\n<li style=\"font-weight: 400;\"><span style=\"font-weight: 400;\">The table should have the columns below:</span></li>\n<ol>\n<li style=\"font-weight: 400;\"><span style=\"font-weight: 400;\">Date</span></li>\n<ol>\n<li style=\"font-weight: 400;\"><span style=\"font-weight: 400;\">Displays date and time of the event</span></li>\n</ol>\n<li style=\"font-weight: 400;\"><span style=\"font-weight: 400;\">Event&nbsp;</span></li>\n<ol>\n<li style=\"font-weight: 400;\"><span style=\"font-weight: 400;\">Login</span></li>\n<li style=\"font-weight: 400;\"><span style=\"font-weight: 400;\">Logout</span></li>\n<li style=\"font-weight: 400;\"><span style=\"font-weight: 400;\">Activation</span></li>\n<li style=\"font-weight: 400;\"><span style=\"font-weight: 400;\">Password Reset</span></li>\n<li style=\"font-weight: 400;\"><span style=\"font-weight: 400;\">Lock</span></li>\n<li style=\"font-weight: 400;\"><span style=\"font-weight: 400;\">Unlock</span></li>\n<li style=\"font-weight: 400;\"><span style=\"font-weight: 400;\">Failed Login</span></li>\n</ol>\n<li style=\"font-weight: 400;\"><span style=\"font-weight: 400;\">User&nbsp;</span></li>\n<ol>\n<li style=\"font-weight: 400;\"><span style=\"font-weight: 400;\">User avatar&nbsp;</span></li>\n<li style=\"font-weight: 400;\"><span style=\"font-weight: 400;\">User name</span></li>\n</ol>\n<li style=\"font-weight: 400;\"><span style=\"font-weight: 400;\">Device ID</span></li>\n<ol>\n<li style=\"font-weight: 400;\"><span style=\"font-weight: 400;\">Unique device identifier</span></li>\n</ol>\n</ol>\n<li style=\"font-weight: 400;\"><span style=\"font-weight: 400;\">USer should be able to filter events by</span></li>\n<ol>\n<li style=\"font-weight: 400;\"><span style=\"font-weight: 400;\">Event type</span></li>\n<ol>\n<li style=\"font-weight: 400;\"><span style=\"font-weight: 400;\">All events is a default fitler</span></li>\n</ol>\n<li style=\"font-weight: 400;\"><span style=\"font-weight: 400;\">Date&nbsp;</span></li>\n<ol>\n<li style=\"font-weight: 400;\"><span style=\"font-weight: 400;\">Date should be defined via the date picker&nbsp;</span></li>\n<li style=\"font-weight: 400;\"><span style=\"font-weight: 400;\">Start date and end date should be defined</span></li>\n<li style=\"font-weight: 400;\"><span style=\"font-weight: 400;\">&ldquo;All time&rdquo; is a default filter</span></li>\n</ol>\n<li style=\"font-weight: 400;\"><span style=\"font-weight: 400;\">Groups</span></li>\n<ol>\n<li style=\"font-weight: 400;\"><span style=\"font-weight: 400;\">All groups is a default filter</span></li>\n</ol>\n<li style=\"font-weight: 400;\"><span style=\"font-weight: 400;\">Users</span></li>\n<ol>\n<li style=\"font-weight: 400;\"><span style=\"font-weight: 400;\">All users is a default filter</span></li>\n</ol>\n</ol>\n<li style=\"font-weight: 400;\"><span style=\"font-weight: 400;\">User should be able to define the number of records displayed on the page</span></li>\n<ol>\n<li style=\"font-weight: 400;\"><span style=\"font-weight: 400;\">Available options</span></li>\n<ol>\n<li style=\"font-weight: 400;\"><span style=\"font-weight: 400;\">10</span></li>\n<li style=\"font-weight: 400;\"><span style=\"font-weight: 400;\">25</span></li>\n<li style=\"font-weight: 400;\"><span style=\"font-weight: 400;\">50</span></li>\n<li style=\"font-weight: 400;\"><span style=\"font-weight: 400;\">100</span></li>\n</ol>\n</ol>\n<li style=\"font-weight: 400;\"><span style=\"font-weight: 400;\">User can go to the next page if there are more records than defined in p.4 </span></li>\n</ol>", "short_description": "This screen serves as a register of all the events registered in the system for the user&rsquo;s directory", "status": 2, "blocked": false, "featured": false, "priority": 1, "published_id": 17, "auto_approve_task_claims": true, "created_by": 2, "updated_by": 2, "comments_start": null, "reviewer": 2, "attachment": [], "tag": [], "stack": []}}, {"model": "work.task", "pk": 37, "fields": {"created_at": "2021-02-15T17:16:57.809Z", "updated_at": "2021-03-11T10:34:16.134Z", "uuid": "39211d40-9fcc-4a2f-9bb5-5f182f1fa0a1", "initiative": 1, "capability": null, "target_work_location": "", "title": "Implement General Settings tab in Settings section", "description": "<h2><span style=\"font-weight: 400;\">Task description</span></h2>\n<p><span style=\"font-weight: 400;\">This screen helps users to define URLs used for email notifications and define where the users should be redirected to after successful authorisation</span></p>\n<h2><span style=\"font-weight: 400;\">Definition of done</span></h2>\n<ol>\n<li style=\"font-weight: 400;\"><span style=\"font-weight: 400;\">User can define the Base URL for the links placed into email notifications, etc.</span></li>\n<ol>\n<li style=\"font-weight: 400;\"><span style=\"font-weight: 400;\">URL should be defined as a text field</span></li>\n<li style=\"font-weight: 400;\"><span style=\"font-weight: 400;\">Basic URL validation should happen when user hits &ldquo;Save Changes&rdquo; button.&nbsp;</span></li>\n</ol>\n<li style=\"font-weight: 400;\"><span style=\"font-weight: 400;\">User can define the URL for the redirection on successful login.</span></li>\n<ol>\n<li style=\"font-weight: 400;\"><span style=\"font-weight: 400;\">URL should be defined as a text field</span></li>\n<li style=\"font-weight: 400;\"><span style=\"font-weight: 400;\">Basic URL validation should happen when user hits &ldquo;Save Changes&rdquo; button.</span></li>\n</ol>\n</ol>", "short_description": "This screen helps users to define URLs used for email notifications and define where the users should be redirected to after successful authorisation", "status": 2, "blocked": false, "featured": false, "priority": 0, "published_id": 18, "auto_approve_task_claims": true, "created_by": 2, "updated_by": 2, "comments_start": null, "reviewer": 2, "attachment": [], "tag": [], "stack": []}}, {"model": "work.task", "pk": 38, "fields": {"created_at": "2021-02-15T17:16:57.809Z", "updated_at": "2021-03-11T10:34:16.144Z", "uuid": "39211d40-9fcc-4a2f-9bb5-5f182f1fa0a1", "initiative": 1, "capability": null, "target_work_location": "", "title": "Implement Appearance tab in Settings section", "description": "<h2><span style=\"font-weight: 400;\">Task description</span></h2>\n<p><span style=\"font-weight: 400;\">This section would allow users to modify the default login page</span></p>\n<h2><span style=\"font-weight: 400;\">Prototype</span></h2>\n<p><a href=\"https://projects.invisionapp.com/share/VSTQ2MSMHTE#/screens/387434828\"><span style=\"font-weight: 400;\">https://projects.invisionapp.com/share/VSTQ2MSMHTE#/screens/387434828</span></a></p>\n<h2><span style=\"font-weight: 400;\">Definition of done</span></h2>\n<ol>\n<li style=\"font-weight: 400;\"><span style=\"font-weight: 400;\">User can define the name of the installation</span></li>\n<li style=\"font-weight: 400;\"><span style=\"font-weight: 400;\">User should be able to define the Custom CSS for the customer portal</span></li>\n<ol>\n<li style=\"font-weight: 400;\"><span style=\"font-weight: 400;\">Also, they should be able to preview the resulting page</span></li>\n</ol>\n<li style=\"font-weight: 400;\"><span style=\"font-weight: 400;\">User can add custom CSS for the header</span></li>\n<li style=\"font-weight: 400;\"><span style=\"font-weight: 400;\">User can add custom HTML for footer footer</span></li>\n<li style=\"font-weight: 400;\"><span style=\"font-weight: 400;\">User can define custom HTML for login form header and preview it</span></li>\n<li style=\"font-weight: 400;\"><span style=\"font-weight: 400;\">User can define custom HTML for footer which appears under forms</span></li>\n<li style=\"font-weight: 400;\"><span style=\"font-weight: 400;\">User can define custom welcome text for the login page</span></li>\n<li style=\"font-weight: 400;\"><span style=\"font-weight: 400;\">User can define the text which is displayed on the Sign up link button </span></li>\n</ol>", "short_description": "This section would allow users to modify the default login page", "status": 2, "blocked": false, "featured": false, "priority": 1, "published_id": 19, "auto_approve_task_claims": true, "created_by": 2, "updated_by": 2, "comments_start": null, "reviewer": 2, "attachment": [], "tag": [], "stack": []}}, {"model": "work.task", "pk": 39, "fields": {"created_at": "2021-02-15T17:16:57.809Z", "updated_at": "2021-03-11T10:34:16.154Z", "uuid": "39211d40-9fcc-4a2f-9bb5-5f182f1fa0a1", "initiative": 1, "capability": null, "target_work_location": "", "title": "Implement Security tab in Settings section", "description": "<h2><span style=\"font-weight: 400;\">Task description</span></h2>\n<p><span style=\"font-weight: 400;\">This tab would allow admins to modify security settings for their tenants</span></p>\n<h2><span style=\"font-weight: 400;\">Prototype</span></h2>\n<p><a href=\"https://projects.invisionapp.com/share/VSTQ2MSMHTE#/screens/386761928\"><span style=\"font-weight: 400;\">https://projects.invisionapp.com/share/VSTQ2MSMHTE#/screens/386761928</span></a></p>\n<h2>&nbsp;</h2>\n<h2><span style=\"font-weight: 400;\">Definition of done</span></h2>\n<ol>\n<li style=\"font-weight: 400;\"><span style=\"font-weight: 400;\">Admin can define if the email confirmation is required for the users signing up for the service</span></li>\n<li style=\"font-weight: 400;\"><span style=\"font-weight: 400;\">Admin can set up password complexity requirements with a following levels of security</span></li>\n<ol>\n<li style=\"font-weight: 400;\"><span style=\"font-weight: 400;\">Off: passwords should be not less than 4 symbols</span></li>\n<li style=\"font-weight: 400;\"><span style=\"font-weight: 400;\">Low: passwords should be 4 symbols minimum and include at least 1 character and at least 1 digit</span></li>\n<li style=\"font-weight: 400;\"><span style=\"font-weight: 400;\">Medium (default value): passwords should be 4 symbols minimum and include at least 1 lowercase character, 1 uppercase character and at least 1 digit</span></li>\n<li style=\"font-weight: 400;\"><span style=\"font-weight: 400;\">High: passwords should be 4 symbols minimum and include at least 1 lowercase character, 1 uppercase character, 1 special character and at least 1 digit</span></li>\n</ol>\n<li style=\"font-weight: 400;\"><span style=\"font-weight: 400;\">Admin should be able to define if it&rsquo;s allowed to share one-time login codes to users emails when inviting new users&nbsp;</span></li>\n<li style=\"font-weight: 400;\"><span style=\"font-weight: 400;\">Admin should be able to define if it&rsquo;s allowed to share one-time login codes to users phones via SMS when inviting new users&nbsp;</span></li>\n<li style=\"font-weight: 400;\"><span style=\"font-weight: 400;\">Admin can define how many of the previously used passwords can not be reused (i.e. user can&rsquo;t use any of their most recent 5 passwords)&nbsp;</span></li>\n<li style=\"font-weight: 400;\"><span style=\"font-weight: 400;\">Admin can define the validity period of users passwords in days</span></li>\n<li style=\"font-weight: 400;\"><span style=\"font-weight: 400;\">Admin can enable locking accounts if passwords were entered incorrectly certain number of times</span></li>\n<li style=\"font-weight: 400;\"><span style=\"font-weight: 400;\">Admin can enable reCaptcha for activation and password reset forms</span></li>\n</ol>", "short_description": "This tab would allow admins to modify security settings for their tenants", "status": 2, "blocked": false, "featured": false, "priority": 1, "published_id": 20, "auto_approve_task_claims": true, "created_by": 2, "updated_by": 2, "comments_start": null, "reviewer": 2, "attachment": [], "tag": [], "stack": []}}, {"model": "work.task", "pk": 40, "fields": {"created_at": "2021-02-15T17:16:57.809Z", "updated_at": "2021-03-11T10:34:16.162Z", "uuid": "39211d40-9fcc-4a2f-9bb5-5f182f1fa0a1", "initiative": 1, "capability": null, "target_work_location": "", "title": "Implement Activation tab in Settings section", "description": "<h2><span style=\"font-weight: 400;\">Task description</span></h2>\n<p><span style=\"font-weight: 400;\">This tab would allows admins to let users set their email and phone number during sign up</span></p>\n<h2><span style=\"font-weight: 400;\">Prototype</span></h2>\n<p><a href=\"https://projects.invisionapp.com/share/VSTQ2MSMHTE#/screens/386761928\"><span style=\"font-weight: 400;\">https://projects.invisionapp.com/share/VSTQ2MSMHTE#/screens/386761928</span></a></p>\n<h2>&nbsp;</h2>\n<h2><span style=\"font-weight: 400;\">Definition of done</span></h2>\n<ol>\n<li style=\"font-weight: 400;\"><span style=\"font-weight: 400;\">Admin can allow users to change their email during the registration</span></li>\n<li style=\"font-weight: 400;\"><span style=\"font-weight: 400;\">Admin can allow users to change their mobile number during the registration</span></li>\n</ol>", "short_description": "This tab would allows admins to let users set their email and phone number during sign up", "status": 2, "blocked": false, "featured": false, "priority": 1, "published_id": 21, "auto_approve_task_claims": true, "created_by": 2, "updated_by": 2, "comments_start": null, "reviewer": 2, "attachment": [], "tag": [], "stack": []}}, {"model": "work.task", "pk": 41, "fields": {"created_at": "2021-02-15T17:16:57.809Z", "updated_at": "2021-03-11T10:34:16.174Z", "uuid": "39211d40-9fcc-4a2f-9bb5-5f182f1fa0a1", "initiative": 1, "capability": null, "target_work_location": "", "title": "Implement Registration tab in Settings section", "description": "<h2><span style=\"font-weight: 400;\">Task description</span></h2>\n<p><span style=\"font-weight: 400;\">This tab would allow admins to enable or disable self registration feature</span></p>\n<h2><span style=\"font-weight: 400;\">Prototype</span></h2>\n<p><span style=\"font-weight: 400;\">https://projects.invisionapp.com/share/VSTQ2MSMHTE#/screens/386999119</span></p>\n<h2>&nbsp;</h2>\n<h2><span style=\"font-weight: 400;\">Definition of done</span></h2>\n<ol>\n<li style=\"font-weight: 400;\"><span style=\"font-weight: 400;\">Admin can enable or disable registration feature</span></li>\n<li style=\"font-weight: 400;\"><span style=\"font-weight: 400;\">If enabled, users can Sign up in addition to being able to sign in to the system</span></li>\n</ol>", "short_description": "This tab would allow admins to enable or disable self registration feature", "status": 2, "blocked": false, "featured": false, "priority": 1, "published_id": 22, "auto_approve_task_claims": true, "created_by": 2, "updated_by": 2, "comments_start": null, "reviewer": 2, "attachment": [], "tag": [], "stack": []}}, {"model": "work.task", "pk": 42, "fields": {"created_at": "2021-02-15T17:16:57.809Z", "updated_at": "2021-03-11T10:34:16.184Z", "uuid": "39211d40-9fcc-4a2f-9bb5-5f182f1fa0a1", "initiative": 1, "capability": null, "target_work_location": "", "title": "Implement Email Sending tab in Settings section", "description": "<h2><span style=\"font-weight: 400;\">Task description</span></h2>\n<p><span style=\"font-weight: 400;\">This tab would allow admin to customise outgoing emails setup so that their users are getting emails from a specific company rather than default setup</span></p>\n<h2><span style=\"font-weight: 400;\">Prototype</span></h2>\n<p><span style=\"font-weight: 400;\">&nbsp;https://projects.invisionapp.com/share/VSTQ2MSMHTE#/screens/386999304</span></p>\n<h2><span style=\"font-weight: 400;\">Definition of done</span></h2>\n<ol>\n<li style=\"font-weight: 400;\"><span style=\"font-weight: 400;\">User can set administrator&rsquo;s email address</span></li>\n<li style=\"font-weight: 400;\"><span style=\"font-weight: 400;\">User can set the address for outgoing email address</span></li>\n<ol>\n<li style=\"font-weight: 400;\"><span style=\"font-weight: 400;\">The default address is set as `noreply@domainname`</span></li>\n</ol>\n<li style=\"font-weight: 400;\"><span style=\"font-weight: 400;\">User can define SMTP settings if needed</span></li>\n<ol>\n<li style=\"font-weight: 400;\"><span style=\"font-weight: 400;\">Username</span></li>\n<li style=\"font-weight: 400;\"><span style=\"font-weight: 400;\">Password</span></li>\n<li style=\"font-weight: 400;\"><span style=\"font-weight: 400;\">SMTP port</span></li>\n<li style=\"font-weight: 400;\"><span style=\"font-weight: 400;\">SMTP host</span></li>\n</ol>\n<li style=\"font-weight: 400;\"><span style=\"font-weight: 400;\">User can enable TLS for SMTP connections</span></li>\n</ol>", "short_description": "This tab would allow admin to customise outgoing emails setup so that their users are getting emails from a specific company rather than default setup", "status": 2, "blocked": false, "featured": false, "priority": 1, "published_id": 23, "auto_approve_task_claims": true, "created_by": 2, "updated_by": 2, "comments_start": null, "reviewer": 2, "attachment": [], "tag": [], "stack": []}}, {"model": "work.task", "pk": 43, "fields": {"created_at": "2021-02-15T17:16:57.809Z", "updated_at": "2021-03-16T14:15:06.718Z", "uuid": "39211d40-9fcc-4a2f-9bb5-5f182f1fa0a1", "initiative": 1, "capability": null, "target_work_location": "", "title": "Implement Social providers tab in Settings section", "description": "<h2><span style=\"font-weight: 400;\">Task description</span></h2>\n<p><span style=\"font-weight: 400;\">As AuthMachine has integration with social authentication providers, admins should be able to add the providers of their choice to their directory so that their tenants can benefit from easier social auth.</span></p>\n<h2><span style=\"font-weight: 400;\">Prototype</span></h2>\n<p><span style=\"font-weight: 400;\">https://projects.invisionapp.com/share/VSTQ2MSMHTE#/screens/383863563</span></p>\n<h2><span style=\"font-weight: 400;\">Definition of done</span></h2>\n<ol>\n<li style=\"font-weight: 400;\"><span style=\"font-weight: 400;\">Implement social providers list view, where user can see:</span></li>\n<ol>\n<li style=\"font-weight: 400;\"><span style=\"font-weight: 400;\">Social provider&rsquo;s logo</span></li>\n<li style=\"font-weight: 400;\"><span style=\"font-weight: 400;\">Social provider&rsquo;s name</span></li>\n<li style=\"font-weight: 400;\"><span style=\"font-weight: 400;\">Corresponding client ID for enabled social providers</span></li>\n</ol>\n</ol>", "short_description": "As AuthMachine has integration with social authentication providers, admins should be able to add the providers of their choice to their directory so that their tenants can benefit from easier social auth", "status": 2, "blocked": false, "featured": false, "priority": 1, "published_id": 24, "auto_approve_task_claims": true, "created_by": 2, "updated_by": 2, "comments_start": null, "reviewer": 2, "attachment": [], "tag": [], "stack": []}}, {"model": "work.task", "pk": 44, "fields": {"created_at": "2021-02-15T17:16:57.809Z", "updated_at": "2021-03-11T10:34:16.205Z", "uuid": "39211d40-9fcc-4a2f-9bb5-5f182f1fa0a1", "initiative": 1, "capability": null, "target_work_location": "", "title": "Implement Add a provider screen in Social providers list", "description": "<h2><span style=\"font-weight: 400;\">Task description</span></h2>\n<p><span style=\"font-weight: 400;\">As AuthMachine has integration with social authentication providers, admins should be able to add the providers of their choice to their directory so that their tenants can benefit from easier social auth.</span></p>\n<h2><span style=\"font-weight: 400;\">Prototype</span></h2>\n<p><span style=\"font-weight: 400;\">https://projects.invisionapp.com/share/VSTQ2MSMHTE#/screens/383863564</span></p>\n<h2><span style=\"font-weight: 400;\">Definition of done</span></h2>\n<ol>\n<li style=\"font-weight: 400;\"><span style=\"font-weight: 400;\">User can add a social provider by specifying</span></li>\n<ol>\n<li style=\"font-weight: 400;\"><span style=\"font-weight: 400;\">Provider&nbsp;</span></li>\n<ol>\n<li style=\"font-weight: 400;\"><span style=\"font-weight: 400;\">List can be found here - </span><a href=\"https://projects.invisionapp.com/share/VSTQ2MSMHTE#/screens/383863565\"><span style=\"font-weight: 400;\">https://projects.invisionapp.com/share/VSTQ2MSMHTE#/screens/383863565</span></a></li>\n</ol>\n<li style=\"font-weight: 400;\"><span style=\"font-weight: 400;\">Client ID</span></li>\n<li style=\"font-weight: 400;\"><span style=\"font-weight: 400;\">Client secret</span></li>\n<li style=\"font-weight: 400;\"><span style=\"font-weight: 400;\">Client key</span></li>\n</ol>\n<li style=\"font-weight: 400;\"><span style=\"font-weight: 400;\">User can enable trust email provided by the app</span></li>\n</ol>", "short_description": "As AuthMachine has integration with social authentication providers, admins should be able to add the providers of their choice to their directory so that their tenants can benefit from easier social auth", "status": 2, "blocked": false, "featured": false, "priority": 1, "published_id": 25, "auto_approve_task_claims": true, "created_by": 2, "updated_by": 2, "comments_start": null, "reviewer": 2, "attachment": [], "tag": [], "stack": []}}, {"model": "work.task", "pk": 45, "fields": {"created_at": "2021-02-15T17:16:57.809Z", "updated_at": "2021-03-11T10:34:16.217Z", "uuid": "39211d40-9fcc-4a2f-9bb5-5f182f1fa0a1", "initiative": 1, "capability": null, "target_work_location": "", "title": "Implement Applications list in Applications tab in settings", "description": "<h2><span style=\"font-weight: 400;\">Task description</span></h2>\n<p><span style=\"font-weight: 400;\">The whole purpose of AuthMachine is to handle authentication to one or many resources via simple and intuitive process. This screen helps admin in defining which applications/resources should we provide access to</span></p>\n<h2><span style=\"font-weight: 400;\">Prototype</span></h2>\n<p><span style=\"font-weight: 400;\">https://projects.invisionapp.com/share/VSTQ2MSMHTE#/screens/386360284</span></p>\n<h2><span style=\"font-weight: 400;\">Definition of done</span></h2>\n<ol>\n<li style=\"font-weight: 400;\"><span style=\"font-weight: 400;\">User can see which applications tenants of a directory can access to with AuthMachine</span></li>\n<li style=\"font-weight: 400;\"><span style=\"font-weight: 400;\">Each entry should include</span></li>\n<ol>\n<li style=\"font-weight: 400;\"><span style=\"font-weight: 400;\">Application icon</span></li>\n<li style=\"font-weight: 400;\"><span style=\"font-weight: 400;\">Application name</span></li>\n<li style=\"font-weight: 400;\"><span style=\"font-weight: 400;\">Application URL</span></li>\n<li style=\"font-weight: 400;\"><span style=\"font-weight: 400;\">Protocol used for authentication</span></li>\n</ol>\n<li style=\"font-weight: 400;\"><span style=\"font-weight: 400;\">User should be able to go to application details</span></li>\n<li style=\"font-weight: 400;\"><span style=\"font-weight: 400;\">User should be able to delete applications from the list</span></li>\n</ol>", "short_description": "The whole purpose of AuthMachine is to handle authentication to one or many resources via simple and intuitive process. This screen helps admin in defining which applications/resources should we provide access to", "status": 2, "blocked": false, "featured": false, "priority": 1, "published_id": 26, "auto_approve_task_claims": true, "created_by": 2, "updated_by": 2, "comments_start": null, "reviewer": 2, "attachment": [], "tag": [], "stack": []}}, {"model": "work.task", "pk": 46, "fields": {"created_at": "2021-02-15T17:16:57.809Z", "updated_at": "2021-03-11T10:34:16.228Z", "uuid": "39211d40-9fcc-4a2f-9bb5-5f182f1fa0a1", "initiative": 1, "capability": null, "target_work_location": "", "title": "Implement Add Application screen in Applications tab in settings", "description": "<h2><span style=\"font-weight: 400;\">Task description</span></h2>\n<p><span style=\"font-weight: 400;\">The whole purpose of AuthMachine is to handle authentication to one or many resources via simple and intuitive process. This screen helps admin to add applications to the system</span></p>\n<h2><span style=\"font-weight: 400;\">Prototype</span></h2>\n<p><span style=\"font-weight: 400;\">https://projects.invisionapp.com/share/VSTQ2MSMHTE#/screens/386360284</span></p>\n<h2><span style=\"font-weight: 400;\">Definition of done</span></h2>\n<ol>\n<li style=\"font-weight: 400;\"><span style=\"font-weight: 400;\">User can add a new application to the system by providing the following information</span></li>\n<ol>\n<li style=\"font-weight: 400;\"><span style=\"font-weight: 400;\">Application name</span></li>\n<li style=\"font-weight: 400;\"><span style=\"font-weight: 400;\">Image (optional)</span></li>\n<li style=\"font-weight: 400;\"><span style=\"font-weight: 400;\">Application URL</span></li>\n<li style=\"font-weight: 400;\"><span style=\"font-weight: 400;\">Single logout URL</span></li>\n<li style=\"font-weight: 400;\"><span style=\"font-weight: 400;\">Forget user URL</span></li>\n<li style=\"font-weight: 400;\"><span style=\"font-weight: 400;\">Authentication protocol</span></li>\n<ol>\n<li style=\"font-weight: 400;\"><span style=\"font-weight: 400;\">Open ID Connect</span></li>\n<ol>\n<li style=\"font-weight: 400;\"><span style=\"font-weight: 400;\">If selected, require the following properties</span></li>\n<ol>\n<li style=\"font-weight: 400;\"><span style=\"font-weight: 400;\">Client ID</span></li>\n<li style=\"font-weight: 400;\"><span style=\"font-weight: 400;\">Secret</span></li>\n<li style=\"font-weight: 400;\"><span style=\"font-weight: 400;\">Signing algorithm</span></li>\n<li style=\"font-weight: 400;\"><span style=\"font-weight: 400;\">Redirect URLs</span></li>\n<li style=\"font-weight: 400;\"><span style=\"font-weight: 400;\">Consent on first login (user can switch it on or off)</span></li>\n</ol>\n</ol>\n<li style=\"font-weight: 400;\"><span style=\"font-weight: 400;\">Discourse</span></li>\n<ol>\n<li style=\"font-weight: 400;\"><span style=\"font-weight: 400;\">If selected, require the following properties</span></li>\n<ol>\n<li style=\"font-weight: 400;\"><span style=\"font-weight: 400;\">Discourse base URL</span></li>\n<li style=\"font-weight: 400;\"><span style=\"font-weight: 400;\">Client ID</span></li>\n<li style=\"font-weight: 400;\"><span style=\"font-weight: 400;\">Secret</span></li>\n<li style=\"font-weight: 400;\"><span style=\"font-weight: 400;\">API Key</span></li>\n<li style=\"font-weight: 400;\"><span style=\"font-weight: 400;\">API Username</span></li>\n</ol>\n</ol>\n<li style=\"font-weight: 400;\"><span style=\"font-weight: 400;\">SAML</span></li>\n<ol>\n<li style=\"font-weight: 400;\"><span style=\"font-weight: 400;\">If selected, require the following properties</span></li>\n<ol>\n<li style=\"font-weight: 400;\"><span style=\"font-weight: 400;\">Metadata URL</span></li>\n<li style=\"font-weight: 400;\"><span style=\"font-weight: 400;\">Metadata file</span></li>\n</ol>\n</ol>\n</ol>\n</ol>\n</ol>", "short_description": "The whole purpose of AuthMachine is to handle authentication to one or many resources via simple and intuitive process. This screen helps admin to add applications to the system", "status": 2, "blocked": false, "featured": false, "priority": 2, "published_id": 27, "auto_approve_task_claims": true, "created_by": 2, "updated_by": 2, "comments_start": null, "reviewer": 2, "attachment": [], "tag": [], "stack": []}}, {"model": "work.task", "pk": 47, "fields": {"created_at": "2021-02-15T17:16:57.809Z", "updated_at": "2021-03-11T10:34:16.241Z", "uuid": "39211d40-9fcc-4a2f-9bb5-5f182f1fa0a1", "initiative": 1, "capability": null, "target_work_location": "", "title": "Implement Application Details screen in Applications tab in settings", "description": "<h2><span style=\"font-weight: 400;\">Task description</span></h2>\n<p><span style=\"font-weight: 400;\">The whole purpose of AuthMachine is to handle authentication to one or many resources via simple and intuitive process. This screen handles all the details related to a specific application we are handling authentication for</span></p>\n<h2><span style=\"font-weight: 400;\">Prototype</span></h2>\n<p><span style=\"font-weight: 400;\">https://projects.invisionapp.com/share/VSTQ2MSMHTE#/screens/386360290</span></p>\n<h2><span style=\"font-weight: 400;\">Definition of done</span></h2>\n<p><span style=\"font-weight: 400;\">On this screen user can view the details of the each application, including</span></p>\n<p><span style=\"font-weight: 400;\">&nbsp;</span></p>\n<ol>\n<li style=\"font-weight: 400;\"><span style=\"font-weight: 400;\">Application name</span></li>\n<li style=\"font-weight: 400;\"><span style=\"font-weight: 400;\">Image (optional)</span></li>\n<li style=\"font-weight: 400;\"><span style=\"font-weight: 400;\">Application URL</span></li>\n<li style=\"font-weight: 400;\"><span style=\"font-weight: 400;\">Single logout URL</span></li>\n<li style=\"font-weight: 400;\"><span style=\"font-weight: 400;\">Forget user URL</span></li>\n<li style=\"font-weight: 400;\"><span style=\"font-weight: 400;\">Based on the protocol selected user can see the additional fields</span></li>\n<ol>\n<li style=\"font-weight: 400;\"><span style=\"font-weight: 400;\">Open ID Connect</span></li>\n<ol>\n<li style=\"font-weight: 400;\"><span style=\"font-weight: 400;\">If selected, require the following properties</span></li>\n<ol>\n<li style=\"font-weight: 400;\"><span style=\"font-weight: 400;\">Client ID</span></li>\n<li style=\"font-weight: 400;\"><span style=\"font-weight: 400;\">Secret</span></li>\n<li style=\"font-weight: 400;\"><span style=\"font-weight: 400;\">Signing algorithm</span></li>\n<li style=\"font-weight: 400;\"><span style=\"font-weight: 400;\">Redirect URLs</span></li>\n<li style=\"font-weight: 400;\"><span style=\"font-weight: 400;\">Consent on first login (user can switch it on or off)</span></li>\n</ol>\n</ol>\n<li style=\"font-weight: 400;\"><span style=\"font-weight: 400;\">Discourse</span></li>\n<ol>\n<li style=\"font-weight: 400;\"><span style=\"font-weight: 400;\">If selected, require the following properties</span></li>\n<ol>\n<li style=\"font-weight: 400;\"><span style=\"font-weight: 400;\">Discourse base URL</span></li>\n<li style=\"font-weight: 400;\"><span style=\"font-weight: 400;\">Client ID</span></li>\n<li style=\"font-weight: 400;\"><span style=\"font-weight: 400;\">Secret</span></li>\n<li style=\"font-weight: 400;\"><span style=\"font-weight: 400;\">API Key</span></li>\n<li style=\"font-weight: 400;\"><span style=\"font-weight: 400;\">API Username</span></li>\n</ol>\n</ol>\n<li style=\"font-weight: 400;\"><span style=\"font-weight: 400;\">SAML</span></li>\n<ol>\n<li style=\"font-weight: 400;\"><span style=\"font-weight: 400;\">If selected, require the following properties</span></li>\n<ol>\n<li style=\"font-weight: 400;\"><span style=\"font-weight: 400;\">Metadata URL</span></li>\n<li style=\"font-weight: 400;\"><span style=\"font-weight: 400;\">Metadata file</span></li>\n</ol>\n</ol>\n</ol>\n</ol>", "short_description": "The whole purpose of AuthMachine is to handle authentication to one or many resources via simple and intuitive process. This screen handles all the details related to a specific application we are handling authentication for", "status": 2, "blocked": false, "featured": false, "priority": 1, "published_id": 28, "auto_approve_task_claims": true, "created_by": 2, "updated_by": 2, "comments_start": null, "reviewer": 2, "attachment": [], "tag": [], "stack": []}}, {"model": "work.task", "pk": 48, "fields": {"created_at": "2021-02-15T17:16:57.809Z", "updated_at": "2021-03-11T10:34:16.251Z", "uuid": "39211d40-9fcc-4a2f-9bb5-5f182f1fa0a1", "initiative": 1, "capability": null, "target_work_location": "", "title": "Implement Repositories list view on Repositories screen in Settings", "description": "<h2><span style=\"font-weight: 400;\">Task description</span></h2>\n<p><span style=\"font-weight: 400;\">AuthMachine allows customers to connect their existing user directories. This list visualises the directories user has connected to their instance</span></p>\n<h2><span style=\"font-weight: 400;\">Prototype</span></h2>\n<p><span style=\"font-weight: 400;\">https://projects.invisionapp.com/share/VSTQ2MSMHTE#/screens/385472550</span></p>\n<h2><span style=\"font-weight: 400;\">Definition of done</span></h2>\n<ol>\n<li style=\"font-weight: 400;\"><span style=\"font-weight: 400;\">User can see the list of repositories currently added to their instance</span></li>\n<li style=\"font-weight: 400;\"><span style=\"font-weight: 400;\">The table should contain following fields</span></li>\n<ol>\n<li style=\"font-weight: 400;\"><span style=\"font-weight: 400;\">Backend type</span></li>\n<li style=\"font-weight: 400;\"><span style=\"font-weight: 400;\">Backend mode</span></li>\n<li style=\"font-weight: 400;\"><span style=\"font-weight: 400;\">Name</span></li>\n</ol>\n<li style=\"font-weight: 400;\"><span style=\"font-weight: 400;\">User should be able to go to any entry details</span></li>\n<li style=\"font-weight: 400;\"><span style=\"font-weight: 400;\">User can delete the entries from the list</span></li>\n<li style=\"font-weight: 400;\"><span style=\"font-weight: 400;\">User can go to &ldquo;Add Repository&rdquo; page to add a new entry</span></li>\n</ol>", "short_description": "AuthMachine allows customers to connect their existing user directories. This list visualises the directories user has connected to their instance", "status": 2, "blocked": false, "featured": false, "priority": 1, "published_id": 29, "auto_approve_task_claims": true, "created_by": 2, "updated_by": 2, "comments_start": null, "reviewer": 2, "attachment": [], "tag": [], "stack": []}}, {"model": "work.task", "pk": 49, "fields": {"created_at": "2021-02-15T17:16:57.809Z", "updated_at": "2021-03-11T10:34:16.261Z", "uuid": "39211d40-9fcc-4a2f-9bb5-5f182f1fa0a1", "initiative": 1, "capability": null, "target_work_location": "", "title": "Implement Add LDAP repository  on Repositories screen in Settings", "description": "<h2><span style=\"font-weight: 400;\">Task description</span></h2>\n<p><span style=\"font-weight: 400;\">AuthMachine allows customers to connect their existing user directories. This list visualises the directories user has connected to their instance. This task covers adding LDAP repository to the system.</span></p>\n<h2><span style=\"font-weight: 400;\">Prototype</span></h2>\n<p><span style=\"font-weight: 400;\">https://projects.invisionapp.com/share/VSTQ2MSMHTE#/screens/385472551</span></p>\n<h2><span style=\"font-weight: 400;\">Definition of done</span></h2>\n<ol>\n<li style=\"font-weight: 400;\"><span style=\"font-weight: 400;\">Once user clicks &ldquo;Add repository&rdquo; button </span><a href=\"https://projects.invisionapp.com/share/VSTQ2MSMHTE#/screens/385472550\"><span style=\"font-weight: 400;\">here</span></a><span style=\"font-weight: 400;\"> they should be transferred to the backend type selection screen</span></li>\n<li style=\"font-weight: 400;\"><span style=\"font-weight: 400;\">User should be able to pick LDAP as a backend type</span></li>\n<li style=\"font-weight: 400;\"><span style=\"font-weight: 400;\">On the next step User has to provide the following details related to the repository</span></li>\n<ol>\n<li style=\"font-weight: 400;\"><span style=\"font-weight: 400;\">Host</span></li>\n<li style=\"font-weight: 400;\"><span style=\"font-weight: 400;\">Port</span></li>\n<li style=\"font-weight: 400;\"><span style=\"font-weight: 400;\">SSL (switch, defines if the system should use SSL or not)</span></li>\n<li style=\"font-weight: 400;\"><span style=\"font-weight: 400;\">Bind DN (username user to connect to identity repository)</span></li>\n<li style=\"font-weight: 400;\"><span style=\"font-weight: 400;\">Bind Password (Password used to connect to identity repository)</span></li>\n<li style=\"font-weight: 400;\"><span style=\"font-weight: 400;\">Backend mode</span></li>\n<li style=\"font-weight: 400;\"><span style=\"font-weight: 400;\">Authentication switch (defines if AuthMachine uses this repository to authenticate users)</span></li>\n<li style=\"font-weight: 400;\"><span style=\"font-weight: 400;\">Authentication priority</span></li>\n<li style=\"font-weight: 400;\"><span style=\"font-weight: 400;\">Provisioning events switcher (defines if AuthMachine should create new users on this repository while activating new users)</span></li>\n<li style=\"font-weight: 400;\"><span style=\"font-weight: 400;\">Password changes switcher (defines if AuthMachine should be able to change passwords on the connected repository)</span></li>\n</ol>\n<li style=\"font-weight: 400;\"><span style=\"font-weight: 400;\">User should be able to test connection</span></li>\n<ol>\n<li style=\"font-weight: 400;\"><span style=\"font-weight: 400;\">Error popup is displayed if connection was unsuccessful</span></li>\n<ol>\n<li style=\"font-weight: 400;\"><span style=\"font-weight: 400;\">Copy &ldquo;Connection failed, check connection settings please&rdquo;&nbsp;</span></li>\n</ol>\n</ol>\n<li style=\"font-weight: 400;\"><span style=\"font-weight: 400;\">On the last step, user should be able to select which columns in the repository entry columns should be synced to the AuthMachine user data columns</span></li>\n<li style=\"font-weight: 400;\"><span style=\"font-weight: 400;\">User should be able to save the repository&nbsp;</span></li>\n</ol>", "short_description": "AuthMachine allows customers to connect their existing user directories. This list visualises the directories user has connected to their instance. This task covers adding LDAP repository to the system", "status": 2, "blocked": false, "featured": false, "priority": 1, "published_id": 30, "auto_approve_task_claims": true, "created_by": 2, "updated_by": 2, "comments_start": null, "reviewer": 2, "attachment": [], "tag": [], "stack": []}}, {"model": "work.task", "pk": 50, "fields": {"created_at": "2021-02-15T17:16:57.809Z", "updated_at": "2021-03-11T10:34:16.274Z", "uuid": "39211d40-9fcc-4a2f-9bb5-5f182f1fa0a1", "initiative": 1, "capability": null, "target_work_location": "", "title": "Implement Add Active directory repository  on Repositories screen in Settings", "description": "<h2><span style=\"font-weight: 400;\">Task description</span></h2>\n<p><span style=\"font-weight: 400;\">AuthMachine allows customers to connect their existing user directories. This list visualises the directories user has connected to their instance. This task covers adding Active Directory repository to the system.</span></p>\n<h2><span style=\"font-weight: 400;\">Prototype</span></h2>\n<p><span style=\"font-weight: 400;\">https://projects.invisionapp.com/share/VSTQ2MSMHTE#/screens/385472551</span></p>\n<h2><span style=\"font-weight: 400;\">Definition of done</span></h2>\n<ol>\n<li style=\"font-weight: 400;\"><span style=\"font-weight: 400;\">Once user clicks &ldquo;Add repository&rdquo; button </span><a href=\"https://projects.invisionapp.com/share/VSTQ2MSMHTE#/screens/385472550\"><span style=\"font-weight: 400;\">here</span></a><span style=\"font-weight: 400;\"> they should be transferred to the backend type selection screen</span></li>\n<li style=\"font-weight: 400;\"><span style=\"font-weight: 400;\">User should be able to pick LDAP as a backend type</span></li>\n<li style=\"font-weight: 400;\"><span style=\"font-weight: 400;\">On the next step User has to provide the following details related to the repository</span></li>\n<ol>\n<li style=\"font-weight: 400;\"><span style=\"font-weight: 400;\">Host</span></li>\n<li style=\"font-weight: 400;\"><span style=\"font-weight: 400;\">Port</span></li>\n<li style=\"font-weight: 400;\"><span style=\"font-weight: 400;\">SSL (switch, defines if the system should use SSL or not)</span></li>\n<li style=\"font-weight: 400;\"><span style=\"font-weight: 400;\">Bind DN (username user to connect to identity repository)</span></li>\n<li style=\"font-weight: 400;\"><span style=\"font-weight: 400;\">Bind Password (Password used to connect to identity repository)</span></li>\n<li style=\"font-weight: 400;\"><span style=\"font-weight: 400;\">Backend mode</span></li>\n<li style=\"font-weight: 400;\"><span style=\"font-weight: 400;\">Authentication switch (defines if AuthMachine uses this repository to authenticate users)</span></li>\n<li style=\"font-weight: 400;\"><span style=\"font-weight: 400;\">Authentication priority</span></li>\n<li style=\"font-weight: 400;\"><span style=\"font-weight: 400;\">Provisioning events switcher (defines if AuthMachine should create new users on this repository while activating new users)</span></li>\n<li style=\"font-weight: 400;\"><span style=\"font-weight: 400;\">Password changes switcher (defines if AuthMachine should be able to change passwords on the connected repository)</span></li>\n</ol>\n<li style=\"font-weight: 400;\"><span style=\"font-weight: 400;\">User should be able to test connection</span></li>\n<ol>\n<li style=\"font-weight: 400;\"><span style=\"font-weight: 400;\">Error popup is displayed if connection was unsuccessful</span></li>\n<ol>\n<li style=\"font-weight: 400;\"><span style=\"font-weight: 400;\">Copy &ldquo;Connection failed, check connection settings please&rdquo;&nbsp;</span></li>\n</ol>\n</ol>\n<li style=\"font-weight: 400;\"><span style=\"font-weight: 400;\">On the last step, user should be able to select which columns in the repository entry columns should be synced to the AuthMachine user data columns</span></li>\n<li style=\"font-weight: 400;\"><span style=\"font-weight: 400;\">User should be able to save the repository </span></li>\n</ol>", "short_description": "AuthMachine allows customers to connect their existing user directories. This list visualises the directories user has connected to their instance. This task covers adding Active Directory repository to the system", "status": 2, "blocked": false, "featured": false, "priority": 1, "published_id": 31, "auto_approve_task_claims": true, "created_by": 2, "updated_by": 2, "comments_start": null, "reviewer": 2, "attachment": [], "tag": [], "stack": []}}, {"model": "work.task", "pk": 51, "fields": {"created_at": "2021-02-15T17:16:57.809Z", "updated_at": "2021-03-11T10:34:16.283Z", "uuid": "39211d40-9fcc-4a2f-9bb5-5f182f1fa0a1", "initiative": 1, "capability": null, "target_work_location": "", "title": "Implement Add Database on Repositories screen in Settings", "description": "<h2><span style=\"font-weight: 400;\">Task description</span></h2>\n<p><span style=\"font-weight: 400;\">AuthMachine allows customers to connect their existing user directories. This list visualises the directories user has connected to their instance. This task covers adding an existing database as repository to the system.</span></p>\n<h2><span style=\"font-weight: 400;\">Prototype</span></h2>\n<p><span style=\"font-weight: 400;\">https://projects.invisionapp.com/share/VSTQ2MSMHTE#/screens/385472551</span></p>\n<h2><span style=\"font-weight: 400;\">Definition of done</span></h2>\n<ol>\n<li style=\"font-weight: 400;\"><span style=\"font-weight: 400;\">Once user clicks &ldquo;Add repository&rdquo; button </span><a href=\"https://projects.invisionapp.com/share/VSTQ2MSMHTE#/screens/385472550\"><span style=\"font-weight: 400;\">here</span></a><span style=\"font-weight: 400;\"> they should be transferred to the backend type selection screen</span></li>\n<li style=\"font-weight: 400;\"><span style=\"font-weight: 400;\">User should be able to pick Database as a backend type</span></li>\n<li style=\"font-weight: 400;\"><span style=\"font-weight: 400;\">User should provide the following information</span></li>\n<ol>\n<li style=\"font-weight: 400;\"><span style=\"font-weight: 400;\">Host</span></li>\n<li style=\"font-weight: 400;\"><span style=\"font-weight: 400;\">Port</span></li>\n<li style=\"font-weight: 400;\"><span style=\"font-weight: 400;\">Engine</span></li>\n<li style=\"font-weight: 400;\"><span style=\"font-weight: 400;\">Username</span></li>\n<li style=\"font-weight: 400;\"><span style=\"font-weight: 400;\">Password</span></li>\n<li style=\"font-weight: 400;\"><span style=\"font-weight: 400;\">Database name</span></li>\n<li style=\"font-weight: 400;\"><span style=\"font-weight: 400;\">Table to use</span></li>\n<li style=\"font-weight: 400;\"><span style=\"font-weight: 400;\">Password format</span></li>\n<ol>\n<li style=\"font-weight: 400;\"><span style=\"font-weight: 400;\">PBKDF2</span></li>\n<li style=\"font-weight: 400;\"><span style=\"font-weight: 400;\">Plain</span></li>\n</ol>\n<li style=\"font-weight: 400;\"><span style=\"font-weight: 400;\">Backend mode</span></li>\n<ol>\n<li style=\"font-weight: 400;\"><span style=\"font-weight: 400;\">Authentication switch (defines if AuthMachine uses this repository to authenticate users)</span></li>\n<li style=\"font-weight: 400;\"><span style=\"font-weight: 400;\">Authentication priority</span></li>\n<li style=\"font-weight: 400;\"><span style=\"font-weight: 400;\">Provisioning events switcher (defines if AuthMachine should create new users on this repository while activating new users)</span></li>\n<li style=\"font-weight: 400;\"><span style=\"font-weight: 400;\">Password changes switcher (defines if AuthMachine should be able to change passwords on the connected repository)</span></li>\n</ol>\n<li style=\"font-weight: 400;\"><span style=\"font-weight: 400;\">User should be able to test connection</span></li>\n<ol>\n<li style=\"font-weight: 400;\"><span style=\"font-weight: 400;\">Error popup is displayed if connection was unsuccessful</span></li>\n<ol>\n<li style=\"font-weight: 400;\"><span style=\"font-weight: 400;\">Copy &ldquo;Connection failed, check connection settings please&rdquo;&nbsp;</span></li>\n</ol>\n</ol>\n<li style=\"font-weight: 400;\"><span style=\"font-weight: 400;\">On the last step, user should be able to select which columns in the repository entry columns should be synced to the AuthMachine user data columns</span></li>\n<li style=\"font-weight: 400;\"><span style=\"font-weight: 400;\">User should be able to save the repository&nbsp;</span></li>\n</ol>\n</ol>", "short_description": "AuthMachine allows customers to connect their existing user directories. This list visualises the directories user has connected to their instance. This task covers adding an existing database as repository to the system", "status": 2, "blocked": false, "featured": false, "priority": 1, "published_id": 32, "auto_approve_task_claims": true, "created_by": 2, "updated_by": 2, "comments_start": null, "reviewer": 2, "attachment": [], "tag": [], "stack": []}}, {"model": "work.task", "pk": 52, "fields": {"created_at": "2021-02-15T17:16:57.809Z", "updated_at": "2021-03-11T10:34:16.295Z", "uuid": "39211d40-9fcc-4a2f-9bb5-5f182f1fa0a1", "initiative": 1, "capability": null, "target_work_location": "", "title": "Implement SAML tab in Settings", "description": "<h2><span style=\"font-weight: 400;\">Task description</span></h2>\n<p><span style=\"font-weight: 400;\">AuthMachine offers authentication over SAML on certain pricing tiers. This tab allows admin to set up SAML authentication for their tenants</span></p>\n<h2><span style=\"font-weight: 400;\">Prototype</span></h2>\n<p><span style=\"font-weight: 400;\">https://projects.invisionapp.com/share/VSTQ2MSMHTE#/screens/386999598</span></p>\n<h2><span style=\"font-weight: 400;\">Definition of done</span></h2>\n<ol>\n<li style=\"font-weight: 400;\"><span style=\"font-weight: 400;\">Admin can enable or disable SAML authentication feature</span></li>\n<li style=\"font-weight: 400;\"><span style=\"font-weight: 400;\">If enabled, they should provide</span></li>\n<ol>\n<li style=\"font-weight: 400;\"><span style=\"font-weight: 400;\">Private Key</span></li>\n<li style=\"font-weight: 400;\"><span style=\"font-weight: 400;\">Certificate</span></li>\n</ol>\n<li style=\"font-weight: 400;\"><span style=\"font-weight: 400;\">Admin should be able to save the settings</span></li>\n<li style=\"font-weight: 400;\"><span style=\"font-weight: 400;\">Admin can update Private Key and/or certificate anytime</span></li>\n</ol>", "short_description": "AuthMachine offers authentication over SAML on certain pricing tiers. This tab allows admin to set up SAML authentication for their tenants", "status": 2, "blocked": false, "featured": false, "priority": 1, "published_id": 33, "auto_approve_task_claims": true, "created_by": 2, "updated_by": 2, "comments_start": null, "reviewer": 2, "attachment": [], "tag": [], "stack": []}}, {"model": "work.task", "pk": 53, "fields": {"created_at": "2021-02-15T17:16:57.809Z", "updated_at": "2021-03-11T10:34:16.308Z", "uuid": "39211d40-9fcc-4a2f-9bb5-5f182f1fa0a1", "initiative": 1, "capability": null, "target_work_location": "", "title": "Implement Policies list view on Policies tab in Settings", "description": "<h2><span style=\"font-weight: 400;\">Task description</span></h2>\n<p><span style=\"font-weight: 400;\">AuthMachine allows admins to set up access/authentication policies on per application level. This task covers creating a table view displaying all the current policies we&rsquo;ve set up in the system</span></p>\n<h2><span style=\"font-weight: 400;\">Prototype</span></h2>\n<p><span style=\"font-weight: 400;\">https://projects.invisionapp.com/share/VSTQ2MSMHTE#/screens/389545965</span></p>\n<h2><span style=\"font-weight: 400;\">Definition of done</span></h2>\n<ol>\n<li style=\"font-weight: 400;\"><span style=\"font-weight: 400;\">User can view the policies active in the system with the following parameters displayed</span></li>\n<ol>\n<li style=\"font-weight: 400;\"><span style=\"font-weight: 400;\">Policy Title</span></li>\n<li style=\"font-weight: 400;\"><span style=\"font-weight: 400;\">Policy Type</span></li>\n<li style=\"font-weight: 400;\"><span style=\"font-weight: 400;\">Accept on login</span></li>\n<li style=\"font-weight: 400;\"><span style=\"font-weight: 400;\">Accept on activation</span></li>\n</ol>\n<li style=\"font-weight: 400;\"><span style=\"font-weight: 400;\">User should be able to search policies by policy title</span></li>\n<li style=\"font-weight: 400;\"><span style=\"font-weight: 400;\">User can sort the table by:</span></li>\n<ol>\n<li style=\"font-weight: 400;\"><span style=\"font-weight: 400;\">Title (Alphabetically A &rarr; Z, Z &rarr; A)</span></li>\n<li style=\"font-weight: 400;\"><span style=\"font-weight: 400;\">Type (Alphabetically A &rarr; Z, Z &rarr; A)</span></li>\n<li style=\"font-weight: 400;\"><span style=\"font-weight: 400;\">Accept on login (Alphabetically A &rarr; Z, Z &rarr; A)</span></li>\n<li style=\"font-weight: 400;\"><span style=\"font-weight: 400;\">Accept on activation (Alphabetically A &rarr; Z, Z &rarr; A)</span></li>\n</ol>\n<li style=\"font-weight: 400;\"><span style=\"font-weight: 400;\">User can go to &ldquo;Add Policy&rdquo; screenw</span></li>\n</ol>", "short_description": "AuthMachine allows admins to set up access/authentication policies on per application level. This task covers creating a table view displaying all the current policies we&rsquo;ve set up in the system", "status": 2, "blocked": false, "featured": false, "priority": 1, "published_id": 34, "auto_approve_task_claims": true, "created_by": 2, "updated_by": 2, "comments_start": null, "reviewer": 2, "attachment": [], "tag": [], "stack": []}}, {"model": "work.task", "pk": 54, "fields": {"created_at": "2021-02-15T17:16:57.809Z", "updated_at": "2021-03-11T10:34:16.320Z", "uuid": "39211d40-9fcc-4a2f-9bb5-5f182f1fa0a1", "initiative": 1, "capability": null, "target_work_location": "", "title": "Implement Add policy view on Policies tab in Settings", "description": "<h2><span style=\"font-weight: 400;\">Task description</span></h2>\n<p><span style=\"font-weight: 400;\">AuthMachine allows admins to set up access/authentication policies on per application level. This task covers adding a policy to the system.&nbsp;</span></p>\n<h2><span style=\"font-weight: 400;\">Prototype</span></h2>\n<p><span style=\"font-weight: 400;\">https://projects.invisionapp.com/share/VSTQ2MSMHTE#/screens/389545967</span></p>\n<h2><span style=\"font-weight: 400;\">Definition of done</span></h2>\n<ol>\n<li style=\"font-weight: 400;\"><span style=\"font-weight: 400;\">Admin can add a new policy by specifying</span></li>\n<ol>\n<li style=\"font-weight: 400;\"><span style=\"font-weight: 400;\">Policy title</span></li>\n<li style=\"font-weight: 400;\"><span style=\"font-weight: 400;\">Policy type</span></li>\n<li style=\"font-weight: 400;\"><span style=\"font-weight: 400;\">Accept on login (one of the types below)</span></li>\n<ol>\n<li style=\"font-weight: 400;\"><span style=\"font-weight: 400;\">Explicit</span></li>\n<li style=\"font-weight: 400;\"><span style=\"font-weight: 400;\">Implicit</span></li>\n<li style=\"font-weight: 400;\"><span style=\"font-weight: 400;\">Disabled</span></li>\n</ol>\n<li style=\"font-weight: 400;\"><span style=\"font-weight: 400;\">Accept on activation (one of the types below)</span></li>\n<ol>\n<li style=\"font-weight: 400;\"><span style=\"font-weight: 400;\">Explicit</span></li>\n<li style=\"font-weight: 400;\"><span style=\"font-weight: 400;\">Implicit</span></li>\n<li style=\"font-weight: 400;\"><span style=\"font-weight: 400;\">Disabled</span></li>\n</ol>\n</ol>\n</ol>", "short_description": "AuthMachine allows admins to set up access/authentication policies on per application level. This task covers adding a policy to the system", "status": 2, "blocked": false, "featured": false, "priority": 1, "published_id": 35, "auto_approve_task_claims": true, "created_by": 2, "updated_by": 2, "comments_start": null, "reviewer": 2, "attachment": [3, 2, 1], "tag": [], "stack": []}}, {"model": "work.task", "pk": 55, "fields": {"created_at": "2021-02-15T17:16:57.809Z", "updated_at": "2021-03-11T10:34:16.328Z", "uuid": "39211d40-9fcc-4a2f-9bb5-5f182f1fa0a1", "initiative": 1, "capability": null, "target_work_location": "", "title": "Implement MFA tab in Settings", "description": "<h2><span style=\"font-weight: 400;\">Task description</span></h2>\n<p><span style=\"font-weight: 400;\">AuthMachine allows admins to set up Multi-Factor Authentication over Google Authenticator. This tab is supposed to be used by an admin exactly for that.&nbsp;</span></p>\n<h2><span style=\"font-weight: 400;\">Prototype</span></h2>\n<p><span style=\"font-weight: 400;\">https://projects.invisionapp.com/share/VSTQ2MSMHTE#/screens/385475540</span></p>\n<h2><span style=\"font-weight: 400;\">Definition of done</span></h2>\n<ol>\n<li style=\"font-weight: 400;\"><span style=\"font-weight: 400;\">Admin can enable or disable Multi-factor authentication by selecting a corresponding option</span></li>\n<ol>\n<li style=\"font-weight: 400;\"><span style=\"font-weight: 400;\">If disabled - end users can not use Google Authenticator fo authentication</span></li>\n<li style=\"font-weight: 400;\"><span style=\"font-weight: 400;\">If Allowed - end users can enable or disable Google Authenticator in their User Portal</span></li>\n<li style=\"font-weight: 400;\"><span style=\"font-weight: 400;\">If Required - end users&nbsp;</span></li>\n</ol>\n</ol>", "short_description": "AuthMachine allows admins to set up Multi-Factor Authentication over Google Authenticator. This tab is supposed to be used by an admin exactly for that", "status": 2, "blocked": false, "featured": false, "priority": 1, "published_id": 36, "auto_approve_task_claims": true, "created_by": 2, "updated_by": 2, "comments_start": null, "reviewer": 2, "attachment": [], "tag": [], "stack": []}}, {"model": "work.task", "pk": 56, "fields": {"created_at": "2021-02-15T17:16:57.809Z", "updated_at": "2021-03-11T10:34:16.338Z", "uuid": "39211d40-9fcc-4a2f-9bb5-5f182f1fa0a1", "initiative": 1, "capability": null, "target_work_location": "", "title": "Implement Adaptive authentication tab in Settings", "description": "<h2><span style=\"font-weight: 400;\">Task description</span></h2>\n<p><span style=\"font-weight: 400;\">AuthMachine has a feature called Adaptive authentication. In a nutshell, it detects suspicious events in the system and asks for additional verification from the users&rsquo; side when it detects a risky event.&nbsp;</span></p>\n<h2><span style=\"font-weight: 400;\">Prototype</span></h2>\n<p><span style=\"font-weight: 400;\">https://projects.invisionapp.com/share/VSTQ2MSMHTE#/screens/386114352</span></p>\n<h2><span style=\"font-weight: 400;\">Definition of done</span></h2>\n<ol>\n<li style=\"font-weight: 400;\"><span style=\"font-weight: 400;\">Admin can enable or disable Adaptive Authentication feature in the settings</span></li>\n<li style=\"font-weight: 400;\"><span style=\"font-weight: 400;\">If enabled, admin can customise the settings with a following options</span></li>\n<ol>\n<li style=\"font-weight: 400;\"><span style=\"font-weight: 400;\">Enable requiring verification if user logs in from a new device</span></li>\n<li style=\"font-weight: 400;\"><span style=\"font-weight: 400;\">Enable requiring verification if user has multi-factor authentication enabled</span></li>\n<li style=\"font-weight: 400;\"><span style=\"font-weight: 400;\">Require verification if user logs in from a new location. Can be set as</span></li>\n<ol>\n<li style=\"font-weight: 400;\"><span style=\"font-weight: 400;\">Disabled</span></li>\n<li style=\"font-weight: 400;\"><span style=\"font-weight: 400;\">New continent</span></li>\n<li style=\"font-weight: 400;\"><span style=\"font-weight: 400;\">New Country</span></li>\n<li style=\"font-weight: 400;\"><span style=\"font-weight: 400;\">New City</span></li>\n</ol>\n<li style=\"font-weight: 400;\"><span style=\"font-weight: 400;\">Whom the verification procedure should apply to</span></li>\n<ol>\n<li style=\"font-weight: 400;\"><span style=\"font-weight: 400;\">Non-Admins</span></li>\n<li style=\"font-weight: 400;\"><span style=\"font-weight: 400;\">Admins</span></li>\n<li style=\"font-weight: 400;\"><span style=\"font-weight: 400;\">All Users</span></li>\n</ol>\n<li style=\"font-weight: 400;\"><span style=\"font-weight: 400;\">Define verification method. Available methods are:&nbsp;</span></li>\n<ol>\n<li style=\"font-weight: 400;\"><span style=\"font-weight: 400;\">Email</span></li>\n<li style=\"font-weight: 400;\"><span style=\"font-weight: 400;\">SMS</span></li>\n<li style=\"font-weight: 400;\"><span style=\"font-weight: 400;\">Voice call</span></li>\n<li style=\"font-weight: 400;\"><span style=\"font-weight: 400;\">Contact support</span></li>\n</ol>\n<li style=\"font-weight: 400;\"><span style=\"font-weight: 400;\">User can set a default verification method if multiple are selected</span></li>\n<li style=\"font-weight: 400;\"><span style=\"font-weight: 400;\">If multiple methods are selected, end user can pick a verification method of their choice via User Portal</span></li>\n</ol>\n</ol>", "short_description": "AuthMachine has a feature called Adaptive authentication. In a nutshell, it detects suspicious events in the system and asks for additional verification from the users&rsquo; side when it detects a risky event", "status": 2, "blocked": false, "featured": false, "priority": 1, "published_id": 37, "auto_approve_task_claims": true, "created_by": 2, "updated_by": 2, "comments_start": null, "reviewer": 2, "attachment": [], "tag": [], "stack": []}}, {"model": "work.task", "pk": 57, "fields": {"created_at": "2021-02-15T17:16:57.809Z", "updated_at": "2021-03-11T10:34:16.351Z", "uuid": "39211d40-9fcc-4a2f-9bb5-5f182f1fa0a1", "initiative": 1, "capability": null, "target_work_location": "", "title": "Design Google Authentication setup flow in User Portal", "description": "<h2><span style=\"font-weight: 400;\">Task description</span></h2>\n<p><span style=\"font-weight: 400;\">AuthMachine has an integration with Google Authenticator which allows us to use it for a multi-factor authentication. This type of authentication can be enabled or disabled on the global level in the system, however, end user will need to set it up on their end. So, we need to design a flow in the User Portal helping them to do so!</span></p>\n<h2><span style=\"font-weight: 400;\">Prototype</span></h2>\n<p><span style=\"font-weight: 400;\">Here is the screen where the flow should start from&nbsp;</span></p>\n<p><span style=\"font-weight: 400;\">https://projects.invisionapp.com/share/WDTXRZ0JF26#/screens/385171429</span></p>\n<h2><span style=\"font-weight: 400;\">Definition of done</span></h2>\n<p><span style=\"font-weight: 400;\">Design the following</span></p>\n<ol>\n<li style=\"font-weight: 400;\"><span style=\"font-weight: 400;\">Add &ldquo;Setup Google Authentication&rdquo; button to this screen</span></li>\n<li style=\"font-weight: 400;\"><span style=\"font-weight: 400;\">When user clicks on this button, they should be presented with the following information</span></li>\n<ol>\n<li style=\"font-weight: 400;\"><span style=\"font-weight: 400;\">QR code we generate on our end</span></li>\n<ol>\n<li style=\"font-weight: 400;\"><span style=\"font-weight: 400;\">There should be a text line saying &ldquo;Please, open your Google Authenticator app and scan this QR code)</span></li>\n</ol>\n<li style=\"font-weight: 400;\"><span style=\"font-weight: 400;\">Security codes 3 security codes will be generated on our end so that user can save those offline and use if they lose their device or decide to change the device</span></li>\n<ol>\n<li style=\"font-weight: 400;\"><span style=\"font-weight: 400;\">There should be a text line saying &ldquo;Please, open your Google Authenticator app and scan this QR code)</span></li>\n</ol>\n</ol>\n<li style=\"font-weight: 400;\"><span style=\"font-weight: 400;\">Once user does that, we should have a state on this screen showing that Google Authenticator is set up and active</span></li>\n<li style=\"font-weight: 400;\"><span style=\"font-weight: 400;\">Also, there might be two types of setup</span></li>\n<ol>\n<li style=\"font-weight: 400;\"><span style=\"font-weight: 400;\">Google Authenticator is required by the admin, so end user must set it up</span></li>\n<li style=\"font-weight: 400;\"><span style=\"font-weight: 400;\">Google Authenticator usage is optional, so that user can decide if they want to enable or disable it</span></li>\n</ol>\n</ol>", "short_description": "AuthMachine has an integration with Google Authenticator which allows us to use it for a multi-factor authentication. This type of authentication can be enabled or disabled on the global level in the system, however, end user will need to set it up on their end. So, we need to design a flow in the User Portal helping them to do so!", "status": 2, "blocked": false, "featured": false, "priority": 1, "published_id": 38, "auto_approve_task_claims": true, "created_by": 2, "updated_by": 2, "comments_start": null, "reviewer": 2, "attachment": [], "tag": [], "stack": []}}, {"model": "work.task", "pk": 68, "fields": {"created_at": "2021-03-10T10:46:26.782Z", "updated_at": "2021-03-10T10:46:26.782Z", "uuid": "111873d2-4b92-4bba-a1a3-207c99736cc5", "initiative": null, "capability": null, "target_work_location": "", "title": "err", "description": "<p>err</p>", "short_description": "err", "status": 2, "blocked": false, "featured": false, "priority": 1, "published_id": 0, "auto_approve_task_claims": true, "created_by": 5, "updated_by": 5, "comments_start": null, "reviewer": 5, "attachment": [], "tag": [], "stack": []}}, {"model": "work.task", "pk": 69, "fields": {"created_at": "2021-03-10T10:46:32.982Z", "updated_at": "2021-03-10T10:46:32.982Z", "uuid": "0619da24-4c61-4085-8aa8-39606805f53e", "initiative": null, "capability": null, "target_work_location": "", "title": "err", "description": "<p>err</p>", "short_description": "err", "status": 2, "blocked": false, "featured": false, "priority": 1, "published_id": 0, "auto_approve_task_claims": true, "created_by": 5, "updated_by": 5, "comments_start": null, "reviewer": 3, "attachment": [], "tag": [], "stack": []}}, {"model": "work.task", "pk": 70, "fields": {"created_at": "2021-03-10T10:46:44.669Z", "updated_at": "2021-03-11T10:34:15.734Z", "uuid": "dbbb6138-9287-4233-9646-c92510cb67ed", "initiative": 1, "capability": null, "target_work_location": "", "title": "err", "description": "<p>err</p>", "short_description": "err", "status": 2, "blocked": false, "featured": false, "priority": 1, "published_id": 1, "auto_approve_task_claims": true, "created_by": 5, "updated_by": 5, "comments_start": null, "reviewer": 3, "attachment": [], "tag": [], "stack": []}}, {"model": "work.task", "pk": 71, "fields": {"created_at": "2021-03-10T10:47:50.685Z", "updated_at": "2021-03-11T10:34:15.748Z", "uuid": "6b4ccae4-e43a-4119-b30e-ac7c5a67482f", "initiative": 1, "capability": null, "target_work_location": "", "title": "err", "description": "<p>err</p>", "short_description": "err", "status": 2, "blocked": false, "featured": false, "priority": 1, "published_id": 1, "auto_approve_task_claims": true, "created_by": 5, "updated_by": 5, "comments_start": null, "reviewer": 3, "attachment": [], "tag": [], "stack": []}}, {"model": "work.task", "pk": 72, "fields": {"created_at": "2021-03-10T10:48:44.250Z", "updated_at": "2021-03-11T10:34:15.760Z", "uuid": "3e41dc06-8a1e-4709-8637-5ddc3b4d1ab1", "initiative": 1, "capability": null, "target_work_location": "", "title": "err", "description": "<p>err</p>", "short_description": "err", "status": 2, "blocked": false, "featured": false, "priority": 1, "published_id": 1, "auto_approve_task_claims": true, "created_by": 5, "updated_by": 5, "comments_start": null, "reviewer": 3, "attachment": [], "tag": [], "stack": []}}, {"model": "work.task", "pk": 73, "fields": {"created_at": "2021-03-10T10:50:04.160Z", "updated_at": "2021-03-11T10:34:15.774Z", "uuid": "61c6147a-789b-40b3-b65f-d051a731305b", "initiative": 1, "capability": null, "target_work_location": "", "title": "eferf", "description": "<p>erfer</p>", "short_description": "erferf", "status": 2, "blocked": false, "featured": false, "priority": 1, "published_id": 1, "auto_approve_task_claims": true, "created_by": 5, "updated_by": 5, "comments_start": null, "reviewer": 5, "attachment": [], "tag": [], "stack": []}}, {"model": "work.task", "pk": 74, "fields": {"created_at": "2021-03-10T10:52:46.162Z", "updated_at": "2021-03-11T10:34:15.786Z", "uuid": "4b06e70a-516f-443c-b806-a680681fefb4", "initiative": 1, "capability": null, "target_work_location": "", "title": "eferf", "description": "<p>erfer</p>", "short_description": "erferf", "status": 2, "blocked": false, "featured": false, "priority": 1, "published_id": 1, "auto_approve_task_claims": true, "created_by": 5, "updated_by": 5, "comments_start": null, "reviewer": 5, "attachment": [], "tag": [], "stack": []}}, {"model": "work.task", "pk": 75, "fields": {"created_at": "2021-03-10T11:02:25.818Z", "updated_at": "2021-03-11T10:34:15.796Z", "uuid": "38385cfd-bb3a-437d-8d57-efccdaab6308", "initiative": 1, "capability": null, "target_work_location": "", "title": "eferf", "description": "<p>erfer</p>", "short_description": "erferf", "status": 2, "blocked": false, "featured": false, "priority": 1, "published_id": 1, "auto_approve_task_claims": true, "created_by": 5, "updated_by": 5, "comments_start": null, "reviewer": 5, "attachment": [], "tag": [], "stack": []}}, {"model": "work.task", "pk": 76, "fields": {"created_at": "2021-03-10T11:02:30.516Z", "updated_at": "2021-03-11T10:34:15.811Z", "uuid": "5d64e481-9379-4efb-aac2-edf3837bc2f5", "initiative": 1, "capability": null, "target_work_location": "", "title": "eferf", "description": "<p>erfer</p>", "short_description": "erferf", "status": 2, "blocked": false, "featured": false, "priority": 1, "published_id": 1, "auto_approve_task_claims": true, "created_by": 5, "updated_by": 5, "comments_start": null, "reviewer": 5, "attachment": [], "tag": [], "stack": []}}, {"model": "work.task", "pk": 77, "fields": {"created_at": "2021-03-10T11:03:39.513Z", "updated_at": "2021-03-11T10:34:15.824Z", "uuid": "72798fee-110f-486c-a2fc-eb95757fff75", "initiative": 1, "capability": null, "target_work_location": "", "title": "eferf", "description": "<p>erfer</p>", "short_description": "erferf", "status": 2, "blocked": false, "featured": false, "priority": 1, "published_id": 1, "auto_approve_task_claims": true, "created_by": 5, "updated_by": 5, "comments_start": null, "reviewer": 5, "attachment": [], "tag": [], "stack": []}}, {"model": "work.task", "pk": 78, "fields": {"created_at": "2021-03-10T11:04:29.396Z", "updated_at": "2021-03-11T10:34:15.832Z", "uuid": "a15bf921-d0f4-4d5b-9c5e-599c28b34f2a", "initiative": 1, "capability": null, "target_work_location": "", "title": "eferf", "description": "<p>erfer</p>", "short_description": "erferf", "status": 2, "blocked": false, "featured": false, "priority": 1, "published_id": 1, "auto_approve_task_claims": true, "created_by": 5, "updated_by": 5, "comments_start": null, "reviewer": 5, "attachment": [], "tag": [], "stack": []}}, {"model": "work.task", "pk": 79, "fields": {"created_at": "2021-03-10T11:04:47.969Z", "updated_at": "2021-03-11T10:34:15.842Z", "uuid": "9d4d9b4b-ade1-42f7-b17b-c54e8323cf59", "initiative": 1, "capability": null, "target_work_location": "", "title": "eferf", "description": "<p>erfer</p>", "short_description": "erferf", "status": 2, "blocked": false, "featured": false, "priority": 1, "published_id": 1, "auto_approve_task_claims": true, "created_by": 5, "updated_by": 5, "comments_start": null, "reviewer": 5, "attachment": [], "tag": [], "stack": []}}, {"model": "work.task", "pk": 80, "fields": {"created_at": "2021-03-10T11:05:22.247Z", "updated_at": "2021-03-10T11:05:22.257Z", "uuid": "087d3681-663e-41da-b1ec-27ee0e488291", "initiative": null, "capability": null, "target_work_location": "", "title": "erf", "description": "<p>erferrf</p>", "short_description": "erf", "status": 2, "blocked": false, "featured": false, "priority": 1, "published_id": 1, "auto_approve_task_claims": true, "created_by": 5, "updated_by": 5, "comments_start": null, "reviewer": 5, "attachment": [], "tag": [], "stack": []}}, {"model": "work.task", "pk": 81, "fields": {"created_at": "2021-03-10T11:05:42.825Z", "updated_at": "2021-03-10T11:05:42.835Z", "uuid": "6c28f8b3-adad-4e6d-9bac-bf1babc5b3fd", "initiative": null, "capability": null, "target_work_location": "", "title": "erf", "description": "<p>erferrf</p>", "short_description": "erf", "status": 2, "blocked": false, "featured": false, "priority": 1, "published_id": 1, "auto_approve_task_claims": true, "created_by": 5, "updated_by": 5, "comments_start": null, "reviewer": 5, "attachment": [], "tag": [], "stack": []}}, {"model": "work.task", "pk": 83, "fields": {"created_at": "2021-03-10T11:10:25.913Z", "updated_at": "2021-03-10T11:10:25.913Z", "uuid": "8217144f-2f98-4277-ac00-30fe73e9228d", "initiative": null, "capability": null, "target_work_location": "", "title": "er", "description": "<p>ert</p>", "short_description": "er", "status": 2, "blocked": false, "featured": false, "priority": 1, "published_id": 0, "auto_approve_task_claims": true, "created_by": 5, "updated_by": 5, "comments_start": null, "reviewer": 4, "attachment": [], "tag": [], "stack": []}}, {"model": "work.task", "pk": 86, "fields": {"created_at": "2021-03-10T11:12:19.947Z", "updated_at": "2021-03-10T11:12:19.947Z", "uuid": "7f06da2e-6d9f-466e-b3e2-7df53704ab4a", "initiative": null, "capability": null, "target_work_location": "", "title": "er", "description": "<p>ert</p>", "short_description": "er", "status": 2, "blocked": false, "featured": false, "priority": 1, "published_id": 0, "auto_approve_task_claims": true, "created_by": 5, "updated_by": 5, "comments_start": null, "reviewer": 4, "attachment": [], "tag": [], "stack": []}}, {"model": "work.task", "pk": 87, "fields": {"created_at": "2021-03-10T11:12:27.921Z", "updated_at": "2021-03-10T11:12:27.931Z", "uuid": "9b91bf4b-7a13-4ed4-a8b2-8beef9a53fb1", "initiative": null, "capability": null, "target_work_location": "", "title": "er", "description": "<p>ert</p>", "short_description": "er", "status": 2, "blocked": false, "featured": false, "priority": 1, "published_id": 1, "auto_approve_task_claims": true, "created_by": 5, "updated_by": 5, "comments_start": null, "reviewer": 4, "attachment": [], "tag": [], "stack": []}}, {"model": "work.task", "pk": 89, "fields": {"created_at": "2021-03-10T11:18:29.583Z", "updated_at": "2021-03-10T11:18:29.591Z", "uuid": "779c80b3-3921-4175-add7-b8e2744a8b67", "initiative": null, "capability": null, "target_work_location": "", "title": "wef", "description": "<p>wef</p>", "short_description": "wef", "status": 2, "blocked": false, "featured": false, "priority": 1, "published_id": 1, "auto_approve_task_claims": true, "created_by": 5, "updated_by": 5, "comments_start": null, "reviewer": 3, "attachment": [], "tag": [], "stack": []}}, {"model": "work.task", "pk": 90, "fields": {"created_at": "2021-03-10T11:18:32.147Z", "updated_at": "2021-03-10T11:18:32.156Z", "uuid": "bd0509c8-acc6-40a9-bf28-4cd3d5e59b20", "initiative": null, "capability": null, "target_work_location": "", "title": "wef", "description": "<p>wef</p>", "short_description": "wef", "status": 2, "blocked": false, "featured": false, "priority": 1, "published_id": 1, "auto_approve_task_claims": true, "created_by": 5, "updated_by": 5, "comments_start": null, "reviewer": 3, "attachment": [], "tag": [], "stack": []}}, {"model": "work.task", "pk": 91, "fields": {"created_at": "2021-03-10T11:19:06.326Z", "updated_at": "2021-03-10T11:19:06.326Z", "uuid": "a4078f8b-eef6-4f28-90e0-36087c83d925", "initiative": null, "capability": null, "target_work_location": "", "title": "wef", "description": "<p>wef</p>", "short_description": "wef", "status": 2, "blocked": false, "featured": false, "priority": 1, "published_id": 0, "auto_approve_task_claims": true, "created_by": 5, "updated_by": 5, "comments_start": null, "reviewer": 3, "attachment": [], "tag": [], "stack": []}}, {"model": "work.task", "pk": 92, "fields": {"created_at": "2021-03-10T11:19:37.946Z", "updated_at": "2021-03-10T11:19:37.946Z", "uuid": "33e7a7cb-a0db-4b30-812a-3e8130b70837", "initiative": null, "capability": null, "target_work_location": "", "title": "wef", "description": "<p>wef</p>", "short_description": "wef", "status": 2, "blocked": false, "featured": false, "priority": 1, "published_id": 0, "auto_approve_task_claims": true, "created_by": 5, "updated_by": 5, "comments_start": null, "reviewer": 3, "attachment": [], "tag": [], "stack": []}}, {"model": "work.task", "pk": 93, "fields": {"created_at": "2021-03-10T11:21:03.712Z", "updated_at": "2021-03-10T11:21:03.712Z", "uuid": "e6e4218c-4e95-4e88-bb66-c3a092fc0fec", "initiative": null, "capability": null, "target_work_location": "", "title": "wef", "description": "<p>wef</p>", "short_description": "wef", "status": 2, "blocked": false, "featured": false, "priority": 1, "published_id": 0, "auto_approve_task_claims": true, "created_by": 5, "updated_by": 5, "comments_start": null, "reviewer": 3, "attachment": [], "tag": [], "stack": []}}, {"model": "work.task", "pk": 94, "fields": {"created_at": "2021-03-10T11:24:36.025Z", "updated_at": "2021-03-10T11:24:36.025Z", "uuid": "6c294707-5a00-4152-b10f-8650f0dbfacc", "initiative": null, "capability": null, "target_work_location": "", "title": "wef", "description": "<p>wef</p>", "short_description": "wef", "status": 2, "blocked": false, "featured": false, "priority": 1, "published_id": 0, "auto_approve_task_claims": true, "created_by": 5, "updated_by": 5, "comments_start": null, "reviewer": 3, "attachment": [], "tag": [], "stack": []}}, {"model": "work.task", "pk": 95, "fields": {"created_at": "2021-03-10T11:25:16.478Z", "updated_at": "2021-03-10T11:25:16.478Z", "uuid": "875244d9-c84e-401a-9069-107e31e6a7db", "initiative": null, "capability": null, "target_work_location": "", "title": "wef", "description": "<p>wef</p>", "short_description": "wef", "status": 2, "blocked": false, "featured": false, "priority": 1, "published_id": 0, "auto_approve_task_claims": true, "created_by": 5, "updated_by": 5, "comments_start": null, "reviewer": 3, "attachment": [], "tag": [], "stack": []}}, {"model": "work.task", "pk": 96, "fields": {"created_at": "2021-03-12T17:05:17.668Z", "updated_at": "2021-03-15T10:51:34.830Z", "uuid": "3f81765e-8def-4bed-889e-cc000c9c9b2d", "initiative": null, "capability": 2195, "target_work_location": "", "title": "dddd", "description": "<p>ddd</p>", "short_description": "ddd", "status": 1, "blocked": false, "featured": false, "priority": 0, "published_id": 39, "auto_approve_task_claims": true, "created_by": 1, "updated_by": 1, "comments_start": null, "reviewer": 4, "attachment": [], "tag": [], "stack": []}}, {"model": "work.task", "pk": 97, "fields": {"created_at": "2021-03-12T17:09:08.885Z", "updated_at": "2021-03-16T13:23:36.548Z", "uuid": "1e24bfe1-bccb-4221-bf2e-63853058c0d8", "initiative": null, "capability": 2195, "target_work_location": "", "title": "Second test", "description": "<p><br></p>", "short_description": "", "status": 2, "blocked": false, "featured": false, "priority": 1, "published_id": 40, "auto_approve_task_claims": true, "created_by": 1, "updated_by": 1, "comments_start": null, "reviewer": 5, "attachment": [], "tag": [], "stack": []}}, {"model": "work.task", "pk": 99, "fields": {"created_at": "2021-03-15T10:27:51.934Z", "updated_at": "2021-03-15T10:42:49.862Z", "uuid": "a2471767-4277-4df8-a70f-3643fb444c6c", "initiative": null, "capability": null, "target_work_location": "", "title": "jjj", "description": "<p>jjj</p>", "short_description": "jjj", "status": 2, "blocked": false, "featured": false, "priority": 1, "published_id": 41, "auto_approve_task_claims": true, "created_by": 2, "updated_by": 2, "comments_start": null, "reviewer": 4, "attachment": [], "tag": [], "stack": []}}, {"model": "work.task", "pk": 100, "fields": {"created_at": "2021-03-15T10:29:16.369Z", "updated_at": "2021-03-15T10:31:44.427Z", "uuid": "6261be36-0c58-4d32-89cf-0eee741e8428", "initiative": null, "capability": null, "target_work_location": "", "title": "aaa", "description": "<p>aaaa</p>", "short_description": "aaa", "status": 3, "blocked": false, "featured": false, "priority": 1, "published_id": 42, "auto_approve_task_claims": true, "created_by": 5, "updated_by": 5, "comments_start": null, "reviewer": 4, "attachment": [], "tag": [], "stack": []}}, {"model": "work.taskdepend", "pk": 8, "fields": {"task": 21, "depends_by": 22}}, {"model": "work.taskdepend", "pk": 15, "fields": {"task": 21, "depends_by": 22}}, {"model": "work.taskdepend", "pk": 16, "fields": {"task": 21, "depends_by": 56}}, {"model": "work.taskdepend", "pk": 35, "fields": {"task": 37, "depends_by": 22}}, {"model": "work.taskdepend", "pk": 36, "fields": {"task": 37, "depends_by": 43}}, {"model": "work.taskdepend", "pk": 39, "fields": {"task": 23, "depends_by": 21}}, {"model": "work.taskdepend", "pk": 40, "fields": {"task": 23, "depends_by": 56}}, {"model": "work.taskdepend", "pk": 41, "fields": {"task": 99, "depends_by": 21}}, {"model": "work.taskdepend", "pk": 42, "fields": {"task": 99, "depends_by": 29}}, {"model": "work.taskdepend", "pk": 55, "fields": {"task": 96, "depends_by": 27}}, {"model": "work.taskdepend", "pk": 94, "fields": {"task": 24, "depends_by": 50}}, {"model": "work.taskdepend", "pk": 95, "fields": {"task": 24, "depends_by": 29}}, {"model": "work.taskdepend", "pk": 96, "fields": {"task": 24, "depends_by": 21}}, {"model": "work.producttask", "pk": 20, "fields": {"created_at": "2021-02-11T17:02:17.282Z", "updated_at": "2021-02-11T17:02:21.330Z", "uuid": "74c34903-8c6c-43ae-818e-cae32d5ba22e", "product": 1, "task": 21}}, {"model": "work.producttask", "pk": 21, "fields": {"created_at": "2021-02-11T17:02:17.282Z", "updated_at": "2021-02-11T17:02:21.330Z", "uuid": "74c34903-8c6c-43ae-818e-cae32d5ba22e", "product": 1, "task": 22}}, {"model": "work.producttask", "pk": 22, "fields": {"created_at": "2021-02-11T17:02:17.282Z", "updated_at": "2021-02-11T17:02:21.330Z", "uuid": "74c34903-8c6c-43ae-818e-cae32d5ba22e", "product": 1, "task": 23}}, {"model": "work.producttask", "pk": 23, "fields": {"created_at": "2021-02-11T17:02:17.282Z", "updated_at": "2021-02-11T17:02:21.330Z", "uuid": "74c34903-8c6c-43ae-818e-cae32d5ba22e", "product": 1, "task": 24}}, {"model": "work.producttask", "pk": 24, "fields": {"created_at": "2021-02-11T17:02:17.282Z", "updated_at": "2021-02-11T17:02:21.330Z", "uuid": "74c34903-8c6c-43ae-818e-cae32d5ba22e", "product": 1, "task": 25}}, {"model": "work.producttask", "pk": 25, "fields": {"created_at": "2021-02-11T17:02:17.282Z", "updated_at": "2021-02-11T17:02:21.330Z", "uuid": "74c34903-8c6c-43ae-818e-cae32d5ba22e", "product": 1, "task": 26}}, {"model": "work.producttask", "pk": 26, "fields": {"created_at": "2021-02-11T17:02:17.282Z", "updated_at": "2021-02-11T17:02:21.330Z", "uuid": "74c34903-8c6c-43ae-818e-cae32d5ba22e", "product": 1, "task": 27}}, {"model": "work.producttask", "pk": 27, "fields": {"created_at": "2021-02-11T17:02:17.282Z", "updated_at": "2021-02-11T17:02:21.330Z", "uuid": "74c34903-8c6c-43ae-818e-cae32d5ba22e", "product": 1, "task": 28}}, {"model": "work.producttask", "pk": 28, "fields": {"created_at": "2021-02-11T17:02:17.282Z", "updated_at": "2021-02-11T17:02:21.330Z", "uuid": "74c34903-8c6c-43ae-818e-cae32d5ba22e", "product": 1, "task": 29}}, {"model": "work.producttask", "pk": 29, "fields": {"created_at": "2021-02-11T17:02:17.282Z", "updated_at": "2021-02-11T17:02:21.330Z", "uuid": "74c34903-8c6c-43ae-818e-cae32d5ba22e", "product": 1, "task": 30}}, {"model": "work.producttask", "pk": 30, "fields": {"created_at": "2021-02-11T17:02:17.282Z", "updated_at": "2021-02-11T17:02:21.330Z", "uuid": "74c34903-8c6c-43ae-818e-cae32d5ba22e", "product": 1, "task": 31}}, {"model": "work.producttask", "pk": 31, "fields": {"created_at": "2021-02-11T17:02:17.282Z", "updated_at": "2021-02-11T17:02:21.330Z", "uuid": "74c34903-8c6c-43ae-818e-cae32d5ba22e", "product": 1, "task": 32}}, {"model": "work.producttask", "pk": 32, "fields": {"created_at": "2021-02-11T17:02:17.282Z", "updated_at": "2021-02-11T17:02:21.330Z", "uuid": "74c34903-8c6c-43ae-818e-cae32d5ba22e", "product": 1, "task": 33}}, {"model": "work.producttask", "pk": 33, "fields": {"created_at": "2021-02-11T17:02:17.282Z", "updated_at": "2021-02-11T17:02:21.330Z", "uuid": "74c34903-8c6c-43ae-818e-cae32d5ba22e", "product": 1, "task": 34}}, {"model": "work.producttask", "pk": 34, "fields": {"created_at": "2021-02-11T17:02:17.282Z", "updated_at": "2021-02-11T17:02:21.330Z", "uuid": "74c34903-8c6c-43ae-818e-cae32d5ba22e", "product": 1, "task": 35}}, {"model": "work.producttask", "pk": 35, "fields": {"created_at": "2021-02-11T17:02:17.282Z", "updated_at": "2021-02-11T17:02:21.330Z", "uuid": "74c34903-8c6c-43ae-818e-cae32d5ba22e", "product": 1, "task": 36}}, {"model": "work.producttask", "pk": 36, "fields": {"created_at": "2021-02-11T17:02:17.282Z", "updated_at": "2021-02-11T17:02:21.330Z", "uuid": "74c34903-8c6c-43ae-818e-cae32d5ba22e", "product": 1, "task": 37}}, {"model": "work.producttask", "pk": 37, "fields": {"created_at": "2021-02-11T17:02:17.282Z", "updated_at": "2021-02-11T17:02:21.330Z", "uuid": "74c34903-8c6c-43ae-818e-cae32d5ba22e", "product": 1, "task": 38}}, {"model": "work.producttask", "pk": 38, "fields": {"created_at": "2021-02-11T17:02:17.282Z", "updated_at": "2021-02-11T17:02:21.330Z", "uuid": "74c34903-8c6c-43ae-818e-cae32d5ba22e", "product": 1, "task": 39}}, {"model": "work.producttask", "pk": 39, "fields": {"created_at": "2021-02-11T17:02:17.282Z", "updated_at": "2021-02-11T17:02:21.330Z", "uuid": "74c34903-8c6c-43ae-818e-cae32d5ba22e", "product": 1, "task": 40}}, {"model": "work.producttask", "pk": 40, "fields": {"created_at": "2021-02-11T17:02:17.282Z", "updated_at": "2021-02-11T17:02:21.330Z", "uuid": "74c34903-8c6c-43ae-818e-cae32d5ba22e", "product": 1, "task": 41}}, {"model": "work.producttask", "pk": 42, "fields": {"created_at": "2021-02-11T17:02:17.282Z", "updated_at": "2021-02-11T17:02:21.330Z", "uuid": "74c34903-8c6c-43ae-818e-cae32d5ba22e", "product": 1, "task": 42}}, {"model": "work.producttask", "pk": 43, "fields": {"created_at": "2021-02-11T17:02:17.282Z", "updated_at": "2021-02-11T17:02:21.330Z", "uuid": "74c34903-8c6c-43ae-818e-cae32d5ba22e", "product": 1, "task": 43}}, {"model": "work.producttask", "pk": 44, "fields": {"created_at": "2021-02-11T17:02:17.282Z", "updated_at": "2021-02-11T17:02:21.330Z", "uuid": "74c34903-8c6c-43ae-818e-cae32d5ba22e", "product": 1, "task": 44}}, {"model": "work.producttask", "pk": 45, "fields": {"created_at": "2021-02-11T17:02:17.282Z", "updated_at": "2021-02-11T17:02:21.330Z", "uuid": "74c34903-8c6c-43ae-818e-cae32d5ba22e", "product": 1, "task": 45}}, {"model": "work.producttask", "pk": 46, "fields": {"created_at": "2021-02-11T17:02:17.282Z", "updated_at": "2021-02-11T17:02:21.330Z", "uuid": "74c34903-8c6c-43ae-818e-cae32d5ba22e", "product": 1, "task": 46}}, {"model": "work.producttask", "pk": 47, "fields": {"created_at": "2021-02-11T17:02:17.282Z", "updated_at": "2021-02-11T17:02:21.330Z", "uuid": "74c34903-8c6c-43ae-818e-cae32d5ba22e", "product": 1, "task": 47}}, {"model": "work.producttask", "pk": 48, "fields": {"created_at": "2021-02-11T17:02:17.282Z", "updated_at": "2021-02-11T17:02:21.330Z", "uuid": "74c34903-8c6c-43ae-818e-cae32d5ba22e", "product": 1, "task": 48}}, {"model": "work.producttask", "pk": 49, "fields": {"created_at": "2021-02-11T17:02:17.282Z", "updated_at": "2021-02-11T17:02:21.330Z", "uuid": "74c34903-8c6c-43ae-818e-cae32d5ba22e", "product": 1, "task": 49}}, {"model": "work.producttask", "pk": 50, "fields": {"created_at": "2021-02-11T17:02:17.282Z", "updated_at": "2021-02-11T17:02:21.330Z", "uuid": "74c34903-8c6c-43ae-818e-cae32d5ba22e", "product": 1, "task": 50}}, {"model": "work.producttask", "pk": 51, "fields": {"created_at": "2021-02-11T17:02:17.282Z", "updated_at": "2021-02-11T17:02:21.330Z", "uuid": "74c34903-8c6c-43ae-818e-cae32d5ba22e", "product": 1, "task": 51}}, {"model": "work.producttask", "pk": 52, "fields": {"created_at": "2021-02-11T17:02:17.282Z", "updated_at": "2021-02-11T17:02:21.330Z", "uuid": "74c34903-8c6c-43ae-818e-cae32d5ba22e", "product": 1, "task": 52}}, {"model": "work.producttask", "pk": 53, "fields": {"created_at": "2021-02-11T17:02:17.282Z", "updated_at": "2021-02-11T17:02:21.330Z", "uuid": "74c34903-8c6c-43ae-818e-cae32d5ba22e", "product": 1, "task": 53}}, {"model": "work.producttask", "pk": 54, "fields": {"created_at": "2021-02-11T17:02:17.282Z", "updated_at": "2021-02-11T17:02:21.330Z", "uuid": "74c34903-8c6c-43ae-818e-cae32d5ba22e", "product": 1, "task": 54}}, {"model": "work.producttask", "pk": 55, "fields": {"created_at": "2021-02-11T17:02:17.282Z", "updated_at": "2021-02-11T17:02:21.330Z", "uuid": "74c34903-8c6c-43ae-818e-cae32d5ba22e", "product": 1, "task": 55}}, {"model": "work.producttask", "pk": 56, "fields": {"created_at": "2021-02-11T17:02:17.282Z", "updated_at": "2021-02-11T17:02:21.330Z", "uuid": "74c34903-8c6c-43ae-818e-cae32d5ba22e", "product": 1, "task": 56}}, {"model": "work.producttask", "pk": 57, "fields": {"created_at": "2021-02-11T17:02:17.282Z", "updated_at": "2021-02-11T17:02:21.330Z", "uuid": "74c34903-8c6c-43ae-818e-cae32d5ba22e", "product": 1, "task": 57}}, {"model": "work.producttask", "pk": 58, "fields": {"created_at": "2021-02-11T17:02:21.330Z", "updated_at": "2021-02-11T17:02:21.330Z", "uuid": "74c34903-8c6c-43ae-818e-cae32d5ba22e", "product": 3, "task": 10}}, {"model": "work.producttask", "pk": 59, "fields": {"created_at": "2021-02-11T17:02:21.330Z", "updated_at": "2021-02-11T17:02:21.330Z", "uuid": "74c34903-8c6c-43ae-818e-cae32d5ba22e", "product": 3, "task": 11}}, {"model": "work.producttask", "pk": 60, "fields": {"created_at": "2021-02-11T17:02:21.330Z", "updated_at": "2021-02-11T17:02:21.330Z", "uuid": "74c34903-8c6c-43ae-818e-cae32d5ba22e", "product": 3, "task": 12}}, {"model": "work.producttask", "pk": 61, "fields": {"created_at": "2021-02-11T17:02:21.330Z", "updated_at": "2021-02-11T17:02:21.330Z", "uuid": "74c34903-8c6c-43ae-818e-cae32d5ba22e", "product": 3, "task": 13}}, {"model": "work.producttask", "pk": 62, "fields": {"created_at": "2021-02-11T17:02:21.330Z", "updated_at": "2021-02-11T17:02:21.330Z", "uuid": "74c34903-8c6c-43ae-818e-cae32d5ba22e", "product": 3, "task": 14}}, {"model": "work.producttask", "pk": 63, "fields": {"created_at": "2021-02-11T17:02:21.330Z", "updated_at": "2021-02-11T17:02:21.330Z", "uuid": "74c34903-8c6c-43ae-818e-cae32d5ba22e", "product": 3, "task": 15}}, {"model": "work.producttask", "pk": 64, "fields": {"created_at": "2021-02-11T17:02:21.330Z", "updated_at": "2021-02-11T17:02:21.330Z", "uuid": "74c34903-8c6c-43ae-818e-cae32d5ba22e", "product": 3, "task": 16}}, {"model": "work.producttask", "pk": 65, "fields": {"created_at": "2021-02-11T17:02:21.330Z", "updated_at": "2021-02-11T17:02:21.330Z", "uuid": "74c34903-8c6c-43ae-818e-cae32d5ba22e", "product": 3, "task": 17}}, {"model": "work.producttask", "pk": 66, "fields": {"created_at": "2021-02-11T17:02:21.330Z", "updated_at": "2021-02-11T17:02:21.330Z", "uuid": "74c34903-8c6c-43ae-818e-cae32d5ba22e", "product": 3, "task": 18}}, {"model": "work.producttask", "pk": 67, "fields": {"created_at": "2021-03-12T17:05:17.696Z", "updated_at": "2021-03-12T17:05:17.696Z", "uuid": "90b44e8f-23ae-48da-ad39-c14e4bdb1c2e", "product": 1, "task": 96}}, {"model": "work.producttask", "pk": 68, "fields": {"created_at": "2021-03-12T17:09:08.911Z", "updated_at": "2021-03-12T17:09:08.911Z", "uuid": "15e06e2b-4f18-48c4-981c-1ae62888b157", "product": 1, "task": 97}}, {"model": "work.producttask", "pk": 70, "fields": {"created_at": "2021-03-15T10:27:51.960Z", "updated_at": "2021-03-15T10:27:51.960Z", "uuid": "518e8ec5-5abe-4a05-82ce-faebc7912744", "product": 1, "task": 99}}, {"model": "work.producttask", "pk": 71, "fields": {"created_at": "2021-03-15T10:29:16.395Z", "updated_at": "2021-03-15T10:29:16.395Z", "uuid": "dccb626b-2e3e-41af-8ca3-818612e637e7", "product": 1, "task": 100}}, {"model": "talent.person", "pk": 1, "fields": {"created_at": "2021-02-09T07:56:27.656Z", "updated_at": "2021-02-09T07:56:27.656Z", "uuid": "b9718470-d5c2-4522-84c1-d4186d783e45", "first_name": "Default User", "email_address": "default.user@gmail.com", "photo": "", "github_username": "", "git_access_token": null, "slug": "default-user", "headline": "CTO @LeasePlan. Entrepreneur - AuthMachine, Two Player Chess", "user": 1, "test_user": false}}, {"model": "talent.person", "pk": 2, "fields": {"created_at": "2021-02-09T07:56:27.663Z", "updated_at": "2021-03-08T15:24:24.676Z", "uuid": "c748aeb0-9459-475d-a8c3-fdd54cccf384", "first_name": "Matthew Haddad", "email_address": "matt.haddad@gmail.com", "photo": "", "github_username": "", "git_access_token": null, "slug": "matthew-haddad", "headline": "CTO @LeasePlan. Entrepreneur - AuthMachine, Two Player Chess, Owner - Test123, Owner - Test", "user": 1, "test_user": false}}, {"model": "talent.person", "pk": 3, "fields": {"created_at": "2021-02-09T07:56:27.667Z", "updated_at": "2021-03-08T17:29:31.338Z", "uuid": "39b0a688-f31e-4516-8c5f-106dfcb1edbd", "first_name": "James Reese", "email_address": "jamesrese098@gmail.com", "photo": "", "github_username": "", "git_access_token": null, "slug": "james-reese", "headline": "CTO @LeasePlan. Entrepreneur - AuthMachine, Two Player Chess, Owner - fff", "user": 1, "test_user": false}}, {"model": "talent.person", "pk": 4, "fields": {"created_at": "2021-02-09T07:56:27.670Z", "updated_at": "2021-02-09T07:56:27.670Z", "uuid": "1133c1d1-b5bf-47d4-8a50-3da227168474", "first_name": "John Smith", "email_address": "john.smith@authmachine.io", "photo": "", "github_username": "", "git_access_token": null, "slug": "john-smith", "headline": "CTO @LeasePlan. Entrepreneur - AuthMachine, Two Player Chess", "user": 1, "test_user": false}}, {"model": "talent.person", "pk": 5, "fields": {"created_at": "2021-03-08T13:15:35.920Z", "updated_at": "2021-03-08T16:50:10.903Z", "uuid": "ff736610-567e-45a2-96a0-262b5a4fba05", "first_name": "Pasha Boss", "email_address": "pashavboss@gmail.com", "photo": "", "github_username": "", "git_access_token": null, "slug": "pasha-boss", "headline": "Owner - erf, Owner - FFFF, Owner - dgrs, Owner - erfer, Owner - erff, Owner - erfe, Owner - wed", "user": 2, "test_user": false}}, {"model": "talent.productperson", "pk": 1, "fields": {"created_at": "2021-02-09T07:56:27.878Z", "updated_at": "2021-02-09T07:56:27.878Z", "uuid": "7ed967c4-9a90-4f3a-aa98-f031ee36f4c1", "product": 1, "person": 2, "right": 2}}, {"model": "talent.productperson", "pk": 2, "fields": {"created_at": "2021-02-09T07:56:27.884Z", "updated_at": "2021-02-09T07:56:27.884Z", "uuid": "d853314a-3479-4c52-b802-0e7bd31afc53", "product": 1, "person": 3, "right": 1}}, {"model": "talent.productperson", "pk": 3, "fields": {"created_at": "2021-02-09T07:56:27.889Z", "updated_at": "2021-02-09T07:56:27.889Z", "uuid": "5c34f579-71a6-413d-8036-f75553a02a43", "product": 1, "person": 4, "right": 3}}, {"model": "talent.productperson", "pk": 4, "fields": {"created_at": "2021-02-09T07:56:27.893Z", "updated_at": "2021-02-09T07:56:27.893Z", "uuid": "c77e406b-f5c8-4079-9211-eb33eae16004", "product": 2, "person": 2, "right": 1}}, {"model": "talent.productperson", "pk": 5, "fields": {"created_at": "2021-02-09T07:56:27.897Z", "updated_at": "2021-02-09T07:56:27.897Z", "uuid": "133edb6d-1e3d-41f4-8e86-69aa329756f0", "product": 2, "person": 3, "right": 3}}, {"model": "talent.productperson", "pk": 6, "fields": {"created_at": "2021-02-09T07:56:27.902Z", "updated_at": "2021-02-09T07:56:27.902Z", "uuid": "fb578226-3cf9-4592-9ba8-a770bd76f3cb", "product": 2, "person": 4, "right": 2}}, {"model": "talent.productperson", "pk": 7, "fields": {"created_at": "2021-02-09T07:56:27.908Z", "updated_at": "2021-02-09T07:56:27.908Z", "uuid": "a46f28cc-8519-4150-ae2f-c46d80358ea9", "product": 3, "person": 2, "right": 2}}, {"model": "talent.productperson", "pk": 8, "fields": {"created_at": "2021-02-09T07:56:27.913Z", "updated_at": "2021-02-09T07:56:27.913Z", "uuid": "21202499-644d-4ac2-a3a8-b1af09386040", "product": 3, "person": 3, "right": 1}}, {"model": "talent.productperson", "pk": 9, "fields": {"created_at": "2021-02-09T07:56:27.918Z", "updated_at": "2021-02-09T07:56:27.918Z", "uuid": "2e55a639-6eac-428d-8b37-a8bda19ebb3f", "product": 3, "person": 4, "right": 3}}, {"model": "talent.productperson", "pk": 19, "fields": {"created_at": "2021-03-09T14:13:41.997Z", "updated_at": "2021-03-09T14:13:40.327Z", "uuid": "2e55a639-6eac-428d-8b37-a8bda19ebb3f", "product": 1, "person": 5, "right": 1}}, {"model": "talent.review", "pk": 1, "fields": {"created_at": "2021-02-09T07:56:27.941Z", "updated_at": "2021-02-09T07:56:27.941Z", "uuid": "815f1682-b539-4079-91b3-8cf74dd479f8", "product": 1, "person": 2, "initiative": null, "score": "5.00", "text": "Hi! I am a software developer with main expertise in JavaScript (both frontend and Node.js) and some Python. I have more than 6 years of experience working with modern JavaScript  I have created several projects from scratch, fully architecting them. I write pragmatic, reliable code which is covered by tests.", "created_by": 2}}, {"model": "talent.review", "pk": 2, "fields": {"created_at": "2021-02-09T07:56:27.948Z", "updated_at": "2021-02-09T07:56:27.948Z", "uuid": "fbc0e71e-78d8-4774-971c-039daaaf28b5", "product": 1, "person": 2, "initiative": null, "score": "4.00", "text": "My top skills are currently in: web app Back-end development (REST, Server-side), Search and Analytics, AWS Cloud. I also specialize in Front-End web technologies - Vue.js, React.js, along with Back-End: Node.js.                 I have strong background in desktop, web applicatiosn, servers, web scraping/automating and industrial solutions.", "created_by": 4}}, {"model": "talent.review", "pk": 3, "fields": {"created_at": "2021-02-09T07:56:27.953Z", "updated_at": "2021-02-09T07:56:27.953Z", "uuid": "ba1f6e55-87ce-4f08-82a3-717e2cbeff5e", "product": 1, "person": 2, "initiative": null, "score": "4.00", "text": "I have been developing the projects from the scratch to the market ready app with strong skills and time efficient manner. I work well with others and I look forward to gaining more experience and learning more. I prefer a long-term relationship rather than money.", "created_by": 3}}, {"model": "talent.review", "pk": 4, "fields": {"created_at": "2021-02-09T07:56:27.958Z", "updated_at": "2021-02-09T07:56:27.958Z", "uuid": "492161c3-8183-4614-9fcb-300555679632", "product": 1, "person": 3, "initiative": null, "score": "4.00", "text": "I am fairly familiar with bot development and asynchronous tasks management.                 I have developed slack, telegram and scraping bots that are integrated with 3rd party apps and APIs.                 In terms of Asynchronous tasks and message brokers, I used celery and RabbitMQ.", "created_by": 3}}, {"model": "talent.review", "pk": 5, "fields": {"created_at": "2021-02-09T07:56:27.964Z", "updated_at": "2021-02-09T07:56:27.964Z", "uuid": "0b8bfa05-49a9-46c3-883f-4416750f7b66", "product": 1, "person": 4, "initiative": null, "score": "3.00", "text": "Keto With Kelly provides fun and effective diet plans to keep you on track. The diet plan is created based on your preferences and interests. We take care of your taste too.", "created_by": 4}}, {"model": "talent.review", "pk": 6, "fields": {"created_at": "2021-02-09T07:56:27.970Z", "updated_at": "2021-02-09T07:56:27.970Z", "uuid": "1ede7e26-7d64-4553-b21f-7a9b9c67ba8c", "product": 1, "person": 3, "initiative": null, "score": "4.00", "text": "VATBox, a cloud-based solution that enables companies to reclaim potential value-added tax (VAT) paid abroad. Its solution automatically tracks expenses, as well as produces detailed graphic reports with projected VAT reclaims and information on rejected reclaims. The organisations solution also integrates with various ERP platforms", "created_by": 3}}, {"model": "talent.review", "pk": 7, "fields": {"created_at": "2021-02-09T07:56:27.975Z", "updated_at": "2021-02-09T07:56:27.975Z", "uuid": "36a3152c-b225-4777-88a7-f5eb67d4d0b6", "product": 1, "person": 4, "initiative": null, "score": "3.00", "text": "a full-service portal about home remodeling, where people could get an advice, find professionals and buy products. (Angular, Node, Express, Postgres, Redis, Gulp, Twitter Bootstrap)", "created_by": 4}}, {"model": "talent.review", "pk": 8, "fields": {"created_at": "2021-02-09T07:56:27.981Z", "updated_at": "2021-02-09T07:56:27.981Z", "uuid": "3b43ffc2-2353-4820-81df-1fd203ed0b67", "product": 2, "person": 2, "initiative": null, "score": "4.00", "text": "I'm well versed in all aspects of development including: front end development, user experience, responsive web design, back end development, databases, source control, testing, and project management.", "created_by": 2}}, {"model": "talent.review", "pk": 9, "fields": {"created_at": "2021-02-09T07:56:27.987Z", "updated_at": "2021-02-09T07:56:27.987Z", "uuid": "1daf5a77-a8e1-4c8c-a67f-d63efc0d2c80", "product": 2, "person": 3, "initiative": null, "score": "3.00", "text": "Please review the portfolio section of my person profile in order to see my latest work. Don't hesitate to invite me to your project and to discuss whether I would be a good fit for it.", "created_by": 3}}, {"model": "talent.review", "pk": 10, "fields": {"created_at": "2021-02-09T07:56:27.992Z", "updated_at": "2021-02-09T07:56:27.992Z", "uuid": "553a9c97-ecbd-41ec-aa23-1b5fb5cc41da", "product": 2, "person": 4, "initiative": null, "score": "5.00", "text": "I have spent past six years working exclusively in the back-end development. It brings with me both extensive experience in object oriented programming and an organized and detail-oriented work ethic which I believe apply directly to your job requirements including:", "created_by": 4}}, {"model": "talent.review", "pk": 11, "fields": {"created_at": "2021-02-09T07:56:27.998Z", "updated_at": "2021-02-09T07:56:27.998Z", "uuid": "43330354-8b79-40a9-ab83-c38dbff92304", "product": 3, "person": 2, "initiative": null, "score": "4.00", "text": "My customers are always up-to-date during the development process and are made sure to be happy with the results. Further I also provide any documentation and instructions necessary, to prevent vendor lock-in.", "created_by": 2}}, {"model": "talent.review", "pk": 12, "fields": {"created_at": "2021-02-09T07:56:28.004Z", "updated_at": "2021-02-09T07:56:28.004Z", "uuid": "3e496bcb-b933-45f6-9ab2-8ea5de36f1c4", "product": 3, "person": 3, "initiative": null, "score": "3.00", "text": "With most of my projects, I am responsible for everything from ground up. This, of course, includes the code of the application, but also the automated pipelines, automated deployments, version control, and Infrastructure-as-Code. I have vast experience with designing and developing system architectures in Google Cloud and Amazon Web Services.", "created_by": 3}}, {"model": "talent.review", "pk": 13, "fields": {"created_at": "2021-02-09T07:56:28.010Z", "updated_at": "2021-02-09T07:56:28.010Z", "uuid": "99309cbd-cd40-4775-a8d4-ecdbe5db8f22", "product": 3, "person": 4, "initiative": null, "score": "5.00", "text": "Whether you need to migrate data, design infrastructure, or automate pipelines and deployments, I have the experience and expertise to help.", "created_by": 4}}, {"model": "talent.personprofile", "pk": 1, "fields": {"created_at": "2021-02-09T07:56:27.923Z", "updated_at": "2021-02-09T07:56:27.923Z", "uuid": "9ffee017-90d9-4feb-b905-cd88c7f52eec", "person": 2, "overview": "Hi, I am a designer with experience in creating digital interfaces,                     websites, and print design but I also have the ability to                     bring those concepts to life through creative front-end development for                     small projects."}}, {"model": "talent.personprofile", "pk": 2, "fields": {"created_at": "2021-02-09T07:56:27.928Z", "updated_at": "2021-02-09T07:56:27.928Z", "uuid": "850f4cd1-ebff-46a3-ab49-b99c2b53140c", "person": 3, "overview": "I am a responsible and autonomous person  I am capable of breaking down complex tasks, providing reasonable estimates and updating status on them, with immediate notifying about blockers. I am always available under discussed hours, and take remote work seriously."}}, {"model": "talent.personprofile", "pk": 3, "fields": {"created_at": "2021-02-09T07:56:27.934Z", "updated_at": "2021-02-09T07:56:27.934Z", "uuid": "9b4178fe-0e1a-40ea-b5f8-1f3b04518c61", "person": 4, "overview": "I have a lot of experience improving existing projects, gradually introducing best practices and updating old libraries  I have updated several projects, which allowed us to decrease cost of maintaining them almost twice. I believe codebase should be always maintainable and consistent, well documented and have clear instructions how to run it locally, so onboarding new people is seamless."}}, {"model": "talent.personsocial", "pk": 1, "fields": {"created_at": "2021-02-08T20:05:01.263Z", "updated_at": "2021-02-08T20:05:04.187Z", "uuid": "a9a26ff4-4aca-4d2c-b2b3-9d956bc8ca3d", "person": 4, "name": "instagram", "url": "https://some-url.com"}}, {"model": "talent.personsocial", "pk": 2, "fields": {"created_at": "2021-02-08T20:06:01.219Z", "updated_at": "2021-02-08T20:06:04.748Z", "uuid": "a9a26ff4-4aca-4d2c-b2b3-9d956bc8ca3f", "person": 4, "name": "linkedin", "url": "https://some-url.com"}}, {"model": "talent.personsocial", "pk": 3, "fields": {"created_at": "2021-02-08T20:06:06.350Z", "updated_at": "2021-02-08T20:06:08.419Z", "uuid": "a9a26ff4-4aca-4d2c-b2b3-9d956bc8ca3f", "person": 4, "name": "behance", "url": "https://some-url.com"}}, {"model": "talent.personsocial", "pk": 4, "fields": {"created_at": "2021-02-08T20:06:07.283Z", "updated_at": "2021-02-08T20:06:09.208Z", "uuid": "a9a26ff4-4aca-4d2c-b2b3-9d956bc8ca3f", "person": 4, "name": "dribbble", "url": "https://some-url.com"}}, {"model": "matching.taskclaim", "pk": 78, "fields": {"created_at": "2021-03-02T16:11:39.922Z", "updated_at": "2021-03-02T16:11:39.922Z", "uuid": "9668e129-dc4d-445d-8f77-c3a75d9291b6", "task": 22, "person": 3, "kind": 1}}, {"model": "matching.taskclaim", "pk": 79, "fields": {"created_at": "2021-03-08T18:04:37.606Z", "updated_at": "2021-03-08T18:04:50.021Z", "uuid": "31c3747d-32e6-4eab-86b6-9359c0061333", "task": 24, "person": 4, "kind": 2}}, {"model": "matching.taskclaim", "pk": 80, "fields": {"created_at": "2021-03-08T18:06:53.978Z", "updated_at": "2021-03-08T18:06:59.952Z", "uuid": "8854f2ac-5f2d-4cfd-849c-556caa7f08f2", "task": 24, "person": 4, "kind": 2}}, {"model": "matching.taskclaim", "pk": 81, "fields": {"created_at": "2021-03-09T12:14:23.200Z", "updated_at": "2021-03-09T12:14:52.457Z", "uuid": "f2d325a6-3b21-4863-90bb-2e2be04c7cb9", "task": 24, "person": 5, "kind": 2}}, {"model": "matching.taskclaim", "pk": 82, "fields": {"created_at": "2021-03-09T12:16:16.255Z", "updated_at": "2021-03-09T12:16:25.725Z", "uuid": "2639af61-2911-424e-905e-5da44cc6623d", "task": 24, "person": 5, "kind": 2}}, {"model": "matching.taskclaim", "pk": 83, "fields": {"created_at": "2021-03-09T12:17:03.598Z", "updated_at": "2021-03-09T12:19:14.939Z", "uuid": "e8f64b3b-6d26-4143-a514-6795ce2e5bdb", "task": 24, "person": 5, "kind": 2}}, {"model": "matching.taskclaim", "pk": 84, "fields": {"created_at": "2021-03-09T12:20:27.727Z", "updated_at": "2021-03-09T12:20:52.260Z", "uuid": "0df7f8d4-afec-4edd-8b59-ed302ac562b0", "task": 24, "person": 5, "kind": 2}}, {"model": "matching.taskclaim", "pk": 85, "fields": {"created_at": "2021-03-09T12:20:54.503Z", "updated_at": "2021-03-09T12:24:33.295Z", "uuid": "7a7014d6-7551-4614-9b52-444a94ee973a", "task": 24, "person": 5, "kind": 2}}, {"model": "matching.taskclaim", "pk": 86, "fields": {"created_at": "2021-03-09T12:24:36.113Z", "updated_at": "2021-03-09T12:29:01.149Z", "uuid": "e61299bc-bfd1-4619-bd7e-fe7575042c8c", "task": 24, "person": 5, "kind": 2}}, {"model": "matching.taskclaim", "pk": 87, "fields": {"created_at": "2021-03-09T12:30:16.289Z", "updated_at": "2021-03-09T12:30:31.943Z", "uuid": "d0372f15-7737-4ba2-b027-cf330ee047a6", "task": 24, "person": 5, "kind": 2}}, {"model": "matching.taskclaim", "pk": 88, "fields": {"created_at": "2021-03-09T12:30:34.420Z", "updated_at": "2021-03-09T12:30:55.711Z", "uuid": "34549ee2-9976-4339-b0ae-6ab1cc5d47dc", "task": 24, "person": 5, "kind": 2}}, {"model": "matching.taskclaim", "pk": 89, "fields": {"created_at": "2021-03-09T12:31:01.758Z", "updated_at": "2021-03-09T12:32:00.831Z", "uuid": "377eb33d-4b0f-4853-8774-ebf486fe48a6", "task": 24, "person": 5, "kind": 2}}, {"model": "matching.taskclaim", "pk": 90, "fields": {"created_at": "2021-03-09T12:32:07.931Z", "updated_at": "2021-03-09T12:32:33.674Z", "uuid": "70e55360-8c6b-4853-9f4f-ab26f247477a", "task": 24, "person": 5, "kind": 2}}, {"model": "matching.taskclaim", "pk": 91, "fields": {"created_at": "2021-03-09T12:32:37.438Z", "updated_at": "2021-03-09T12:36:02.927Z", "uuid": "7ca4baa1-1f27-42a1-9e57-cbbcaed23877", "task": 24, "person": 5, "kind": 2}}, {"model": "matching.taskclaim", "pk": 92, "fields": {"created_at": "2021-03-09T12:36:09.071Z", "updated_at": "2021-03-09T12:40:51.830Z", "uuid": "833377af-3bae-4855-a808-e7b612bf2d83", "task": 24, "person": 5, "kind": 2}}, {"model": "matching.taskclaim", "pk": 93, "fields": {"created_at": "2021-03-09T12:40:53.863Z", "updated_at": "2021-03-09T12:43:18.043Z", "uuid": "d053b8c1-8cc3-4ec9-b252-0203c9fe5ac7", "task": 24, "person": 5, "kind": 2}}, {"model": "matching.taskclaim", "pk": 94, "fields": {"created_at": "2021-03-09T12:44:58.692Z", "updated_at": "2021-03-09T12:45:04.435Z", "uuid": "f1b89a0b-43cb-47cf-95f8-a516ccf4974c", "task": 24, "person": 5, "kind": 2}}, {"model": "matching.taskclaim", "pk": 95, "fields": {"created_at": "2021-03-09T13:02:02.825Z", "updated_at": "2021-03-09T13:03:12.761Z", "uuid": "8b8ab8b1-88de-41d4-8748-29455c1eb87f", "task": 24, "person": 5, "kind": 2}}, {"model": "matching.taskclaim", "pk": 96, "fields": {"created_at": "2021-03-09T13:03:16.489Z", "updated_at": "2021-03-09T13:06:59.634Z", "uuid": "f8cc7bb3-ee54-489b-8fd6-68c13fec7ee1", "task": 24, "person": 5, "kind": 2}}, {"model": "matching.taskclaim", "pk": 97, "fields": {"created_at": "2021-03-09T13:07:01.732Z", "updated_at": "2021-03-09T13:07:05.640Z", "uuid": "d9531af0-d91d-48b2-a536-8a4545366800", "task": 24, "person": 5, "kind": 2}}, {"model": "matching.taskclaim", "pk": 98, "fields": {"created_at": "2021-03-09T13:09:56.368Z", "updated_at": "2021-03-09T13:10:01.407Z", "uuid": "3929ec68-e50a-4d73-91bd-ee971987dfcb", "task": 21, "person": 5, "kind": 2}}, {"model": "matching.taskclaim", "pk": 99, "fields": {"created_at": "2021-03-09T13:10:30.735Z", "updated_at": "2021-03-09T13:10:47.356Z", "uuid": "c937fc0a-960c-4e8a-928a-9ce1fe3e26b6", "task": 21, "person": 5, "kind": 2}}, {"model": "matching.taskclaim", "pk": 100, "fields": {"created_at": "2021-03-09T13:10:49.021Z", "updated_at": "2021-03-09T13:10:52.540Z", "uuid": "d2aa4179-2615-4865-bb9c-21aec9e5268b", "task": 21, "person": 5, "kind": 2}}, {"model": "matching.taskclaim", "pk": 101, "fields": {"created_at": "2021-03-09T13:11:47.509Z", "updated_at": "2021-03-09T13:11:51.586Z", "uuid": "8e911768-7e9f-4da3-baf3-503466137b21", "task": 21, "person": 5, "kind": 2}}, {"model": "matching.taskclaim", "pk": 102, "fields": {"created_at": "2021-03-09T13:16:36.794Z", "updated_at": "2021-03-09T13:16:44.217Z", "uuid": "017ad115-3382-4525-8d75-60259dc91c48", "task": 21, "person": 5, "kind": 2}}, {"model": "matching.taskclaim", "pk": 103, "fields": {"created_at": "2021-03-09T13:17:45.568Z", "updated_at": "2021-03-09T13:17:50.248Z", "uuid": "6c9561fd-db55-4da0-8224-309de922b79d", "task": 21, "person": 5, "kind": 2}}, {"model": "matching.taskclaim", "pk": 104, "fields": {"created_at": "2021-03-09T13:32:09.129Z", "updated_at": "2021-03-09T13:32:35.093Z", "uuid": "92bd86bc-80ee-412b-89e6-1e68db751c11", "task": 21, "person": 5, "kind": 2}}, {"model": "matching.taskclaim", "pk": 105, "fields": {"created_at": "2021-03-09T13:46:59.812Z", "updated_at": "2021-03-09T13:48:26.403Z", "uuid": "bf14712a-28b0-4d34-ae09-a523e603fee4", "task": 21, "person": 5, "kind": 2}}, {"model": "matching.taskclaim", "pk": 106, "fields": {"created_at": "2021-03-09T13:48:31.338Z", "updated_at": "2021-03-09T13:50:14.885Z", "uuid": "809f7209-f581-4119-a8f9-4b44939f4fc4", "task": 21, "person": 5, "kind": 2}}, {"model": "matching.taskclaim", "pk": 107, "fields": {"created_at": "2021-03-09T13:50:17.996Z", "updated_at": "2021-03-09T13:53:44.114Z", "uuid": "91377eee-2589-4a5d-b3e7-190e08e09219", "task": 21, "person": 5, "kind": 2}}, {"model": "matching.taskclaim", "pk": 108, "fields": {"created_at": "2021-03-09T13:53:48.339Z", "updated_at": "2021-03-09T13:55:14.690Z", "uuid": "34e12514-c0b5-4d56-8da7-b84570445119", "task": 21, "person": 5, "kind": 2}}, {"model": "matching.taskclaim", "pk": 109, "fields": {"created_at": "2021-03-09T13:55:17.952Z", "updated_at": "2021-03-09T13:55:57.387Z", "uuid": "750f9cea-ccd3-4ed6-b9e7-0d9478a093d0", "task": 21, "person": 5, "kind": 2}}, {"model": "matching.taskclaim", "pk": 110, "fields": {"created_at": "2021-03-09T13:55:59.884Z", "updated_at": "2021-03-09T14:00:19.458Z", "uuid": "f189adaf-738f-47fc-b1a0-0c659c6da3ba", "task": 21, "person": 5, "kind": 2}}, {"model": "matching.taskclaim", "pk": 111, "fields": {"created_at": "2021-03-09T14:00:21.222Z", "updated_at": "2021-03-09T14:00:21.222Z", "uuid": "673de09d-5e51-48b8-9739-8dcb582ca848", "task": 21, "person": 5, "kind": 0}}, {"model": "matching.taskclaim", "pk": 112, "fields": {"created_at": "2021-03-10T11:15:33.323Z", "updated_at": "2021-03-10T11:15:44.976Z", "uuid": "99c82162-95ce-4552-9b0d-9e2f6d4d03b6", "task": 37, "person": 4, "kind": 2}}, {"model": "matching.taskclaim", "pk": 113, "fields": {"created_at": "2021-03-15T10:31:47.486Z", "updated_at": "2021-03-15T10:31:47.486Z", "uuid": "71961f7f-ff1a-4c2e-b4ed-d60dc4547c55", "task": 100, "person": 4, "kind": 0}}, {"model": "matching.taskclaim", "pk": 114, "fields": {"created_at": "2021-03-15T10:58:19.104Z", "updated_at": "2021-03-15T11:01:18.795Z", "uuid": "5b3c4268-39d4-41df-855a-b23dda3c5d8e", "task": 27, "person": 4, "kind": 2}}, {"model": "matching.taskclaim", "pk": 115, "fields": {"created_at": "2021-03-15T17:38:47.403Z", "updated_at": "2021-03-15T17:41:01.553Z", "uuid": "686242b1-f03d-45db-8b71-eecde3c2dd78", "task": 27, "person": 4, "kind": 2}}, {"model": "matching.taskclaim", "pk": 116, "fields": {"created_at": "2021-03-15T17:41:04.839Z", "updated_at": "2021-03-15T17:41:14.137Z", "uuid": "d6dfd3e4-5c3e-4395-bad2-dd46f7e7c4ad", "task": 27, "person": 4, "kind": 2}}, {"model": "matching.taskclaim", "pk": 117, "fields": {"created_at": "2021-03-15T17:42:21.421Z", "updated_at": "2021-03-15T17:42:21.421Z", "uuid": "7788f184-57a6-4fef-af38-bf792b13db00", "task": 27, "person": 4, "kind": 2}}, {"model": "matching.taskclaim", "pk": 118, "fields": {"created_at": "2021-03-15T17:42:21.983Z", "updated_at": "2021-03-15T17:42:21.983Z", "uuid": "921c55e3-bb38-41dc-b7ea-57ff48347786", "task": 27, "person": 4, "kind": 2}}, {"model": "matching.taskclaim", "pk": 119, "fields": {"created_at": "2021-03-15T17:43:12.937Z", "updated_at": "2021-03-15T17:43:29.466Z", "uuid": "63735448-27ce-4009-99e5-580016fc2c50", "task": 32, "person": 4, "kind": 2}}, {"model": "matching.taskclaim", "pk": 120, "fields": {"created_at": "2021-03-15T17:43:31.075Z", "updated_at": "2021-03-15T17:43:31.075Z", "uuid": "59b6ac26-74c6-4cfd-b043-eca7d890bda6", "task": 32, "person": 4, "kind": 2}}, {"model": "matching.taskclaim", "pk": 121, "fields": {"created_at": "2021-03-15T17:43:33.810Z", "updated_at": "2021-03-15T17:43:33.810Z", "uuid": "adc9b48b-0040-4f04-9439-968f97366af8", "task": 32, "person": 4, "kind": 2}}, {"model": "matching.taskclaim", "pk": 122, "fields": {"created_at": "2021-03-16T09:27:51.233Z", "updated_at": "2021-03-16T09:36:29.020Z", "uuid": "1d02e9cf-2073-4318-8d86-5c7bf5e0f707", "task": 97, "person": 4, "kind": 2}}, {"model": "matching.taskclaim", "pk": 123, "fields": {"created_at": "2021-03-16T09:38:21.020Z", "updated_at": "2021-03-16T09:38:43.283Z", "uuid": "ad22c72a-27a5-4f3c-a0bc-6ef13dc0e61d", "task": 97, "person": 4, "kind": 2}}, {"model": "matching.taskclaim", "pk": 124, "fields": {"created_at": "2021-03-16T09:39:04.059Z", "updated_at": "2021-03-16T09:39:14.454Z", "uuid": "f55beeae-79c9-4df0-9b7f-0edccf1a3fc6", "task": 97, "person": 4, "kind": 2}}, {"model": "matching.taskclaim", "pk": 125, "fields": {"created_at": "2021-03-16T09:39:19.831Z", "updated_at": "2021-03-16T09:39:42.324Z", "uuid": "4df11b3e-858f-45c1-bcb3-5702b12cc128", "task": 97, "person": 4, "kind": 2}}, {"model": "matching.taskclaim", "pk": 126, "fields": {"created_at": "2021-03-16T09:43:16.613Z", "updated_at": "2021-03-16T09:49:33.141Z", "uuid": "b66088d0-ee67-4f98-9bf5-e3eea0af00c4", "task": 97, "person": 4, "kind": 2}}, {"model": "matching.taskclaim", "pk": 127, "fields": {"created_at": "2021-03-16T09:53:11.681Z", "updated_at": "2021-03-16T09:53:26.497Z", "uuid": "eafd257b-bffa-445a-9184-983159fb4dd0", "task": 97, "person": 4, "kind": 2}}, {"model": "matching.taskclaim", "pk": 128, "fields": {"created_at": "2021-03-16T09:53:41.569Z", "updated_at": "2021-03-16T09:54:34.042Z", "uuid": "98e91107-b409-449f-925c-64c1f1b095a2", "task": 97, "person": 4, "kind": 2}}, {"model": "matching.taskclaim", "pk": 129, "fields": {"created_at": "2021-03-16T09:54:38.034Z", "updated_at": "2021-03-16T09:54:46.503Z", "uuid": "8eaa4cea-15fd-4d66-b344-3122d33b45ae", "task": 97, "person": 4, "kind": 2}}, {"model": "matching.taskclaim", "pk": 130, "fields": {"created_at": "2021-03-16T09:54:55.228Z", "updated_at": "2021-03-16T10:12:36.003Z", "uuid": "1ae9cb69-8780-4a42-a64a-d6c433d2f5da", "task": 97, "person": 4, "kind": 2}}, {"model": "matching.taskclaim", "pk": 131, "fields": {"created_at": "2021-03-16T10:12:49.390Z", "updated_at": "2021-03-16T10:12:59.549Z", "uuid": "f76390a8-7dc4-47b6-b193-379207e2a28d", "task": 97, "person": 4, "kind": 2}}, {"model": "matching.taskclaim", "pk": 132, "fields": {"created_at": "2021-03-16T10:13:15.851Z", "updated_at": "2021-03-16T10:14:49.625Z", "uuid": "67320f57-e80a-4064-982e-e23ff26745ca", "task": 97, "person": 4, "kind": 2}}, {"model": "matching.taskclaim", "pk": 133, "fields": {"created_at": "2021-03-16T10:36:06.357Z", "updated_at": "2021-03-16T10:37:45.603Z", "uuid": "a8d64963-8fb3-43e0-8930-673a61bbd53c", "task": 97, "person": 4, "kind": 2}}, {"model": "matching.taskclaim", "pk": 134, "fields": {"created_at": "2021-03-16T10:37:58.396Z", "updated_at": "2021-03-16T10:39:54.680Z", "uuid": "e3876da1-060d-42c5-a728-158c2bd35634", "task": 97, "person": 4, "kind": 2}}, {"model": "matching.taskclaim", "pk": 135, "fields": {"created_at": "2021-03-16T10:40:13.408Z", "updated_at": "2021-03-16T10:40:23.530Z", "uuid": "7eb4fbed-63fb-4ef9-9aaa-b9f4d7eae264", "task": 97, "person": 4, "kind": 2}}, {"model": "matching.taskclaim", "pk": 136, "fields": {"created_at": "2021-03-16T11:30:51.979Z", "updated_at": "2021-03-16T11:31:04.044Z", "uuid": "3524d465-9ca4-4526-892d-f614f9fabfe2", "task": 97, "person": 4, "kind": 2}}, {"model": "matching.taskclaim", "pk": 137, "fields": {"created_at": "2021-03-16T11:31:16.623Z", "updated_at": "2021-03-16T11:31:21.562Z", "uuid": "0bffaec4-fca0-49ed-9bd0-da571e10e9fd", "task": 97, "person": 4, "kind": 2}}, {"model": "matching.taskclaim", "pk": 138, "fields": {"created_at": "2021-03-16T11:36:27.855Z", "updated_at": "2021-03-16T11:37:00.294Z", "uuid": "9e7fa645-2756-4341-8dd5-18d4dad19bea", "task": 97, "person": 4, "kind": 2}}, {"model": "matching.taskclaim", "pk": 139, "fields": {"created_at": "2021-03-16T11:37:04.293Z", "updated_at": "2021-03-16T11:42:15.532Z", "uuid": "9de2920e-b675-4b28-8474-552ef477150d", "task": 97, "person": 4, "kind": 2}}, {"model": "matching.taskclaim", "pk": 140, "fields": {"created_at": "2021-03-16T11:44:33.471Z", "updated_at": "2021-03-16T11:45:03.252Z", "uuid": "37461ee7-50e3-46eb-9946-bc38e8ca9961", "task": 97, "person": 4, "kind": 2}}, {"model": "matching.taskclaim", "pk": 141, "fields": {"created_at": "2021-03-16T11:54:17.377Z", "updated_at": "2021-03-16T11:54:29.343Z", "uuid": "1cb75379-89f8-4343-955b-9519eed51f79", "task": 97, "person": 4, "kind": 2}}, {"model": "matching.taskclaim", "pk": 142, "fields": {"created_at": "2021-03-16T12:18:39.055Z", "updated_at": "2021-03-16T12:18:57.157Z", "uuid": "036f6595-2325-4ad2-9a2a-68aeed0e2ef2", "task": 97, "person": 4, "kind": 2}}, {"model": "matching.taskclaim", "pk": 143, "fields": {"created_at": "2021-03-16T12:19:02.598Z", "updated_at": "2021-03-16T12:19:22.337Z", "uuid": "9d2b6403-6443-4b98-b85d-405f89220e2b", "task": 97, "person": 4, "kind": 2}}, {"model": "matching.taskclaim", "pk": 144, "fields": {"created_at": "2021-03-16T12:19:27.563Z", "updated_at": "2021-03-16T12:19:33.080Z", "uuid": "27d89b56-3df2-465b-9fdc-aa9c82f8e85a", "task": 97, "person": 4, "kind": 2}}, {"model": "matching.taskclaim", "pk": 145, "fields": {"created_at": "2021-03-16T12:21:33.327Z", "updated_at": "2021-03-16T12:21:38.975Z", "uuid": "589f059f-918b-4f78-9168-078d9bcbe9b9", "task": 97, "person": 4, "kind": 2}}, {"model": "matching.taskclaim", "pk": 146, "fields": {"created_at": "2021-03-16T13:12:16.682Z", "updated_at": "2021-03-16T13:12:23.425Z", "uuid": "b2533d44-337a-4f70-8944-ac568c5a6925", "task": 97, "person": 4, "kind": 2}}, {"model": "matching.taskclaim", "pk": 147, "fields": {"created_at": "2021-03-16T13:12:51.073Z", "updated_at": "2021-03-16T13:12:57.196Z", "uuid": "72bd1a71-0570-4619-a6ab-bbb40aacb8f7", "task": 97, "person": 4, "kind": 2}}, {"model": "matching.taskclaim", "pk": 148, "fields": {"created_at": "2021-03-16T13:22:26.951Z", "updated_at": "2021-03-16T13:22:31.867Z", "uuid": "e7e7ca44-be64-48e3-8457-ec0627b83011", "task": 97, "person": 4, "kind": 2}}, {"model": "matching.taskclaim", "pk": 149, "fields": {"created_at": "2021-03-16T13:23:32.335Z", "updated_at": "2021-03-16T13:23:37.242Z", "uuid": "d9e062ed-93b2-4081-8bfa-f3476c6da7a1", "task": 97, "person": 4, "kind": 2}}, {"model": "matching.taskclaim", "pk": 150, "fields": {"created_at": "2021-03-16T13:23:57.202Z", "updated_at": "2021-03-16T13:24:02.831Z", "uuid": "22a8446e-55e1-46dc-8a4e-68c9b016badd", "task": 43, "person": 4, "kind": 2}}, {"model": "matching.taskclaim", "pk": 151, "fields": {"created_at": "2021-03-16T13:27:04.693Z", "updated_at": "2021-03-16T13:27:09.573Z", "uuid": "d4ec9c16-b439-47f5-ae4a-08185a4ad017", "task": 43, "person": 4, "kind": 2}}, {"model": "matching.taskclaim", "pk": 152, "fields": {"created_at": "2021-03-16T13:49:09.084Z", "updated_at": "2021-03-16T13:49:15.223Z", "uuid": "ebbe2327-c9f7-4632-aa2f-929370ca76d6", "task": 43, "person": 4, "kind": 2}}, {"model": "matching.taskclaim", "pk": 153, "fields": {"created_at": "2021-03-16T13:50:34.391Z", "updated_at": "2021-03-16T13:50:42.259Z", "uuid": "837f38e5-0345-4b2a-b56f-cc92950f4ae7", "task": 43, "person": 4, "kind": 2}}, {"model": "matching.taskclaim", "pk": 154, "fields": {"created_at": "2021-03-16T13:55:49.425Z", "updated_at": "2021-03-16T13:55:54.226Z", "uuid": "c3cba392-a992-4693-95be-13be1453d983", "task": 43, "person": 4, "kind": 2}}, {"model": "matching.taskclaim", "pk": 155, "fields": {"created_at": "2021-03-16T13:59:32.245Z", "updated_at": "2021-03-16T13:59:39.478Z", "uuid": "77786b52-a99f-4570-bbdb-31136ee69cd6", "task": 43, "person": 4, "kind": 2}}, {"model": "matching.taskclaim", "pk": 156, "fields": {"created_at": "2021-03-16T13:59:46.048Z", "updated_at": "2021-03-16T13:59:53.027Z", "uuid": "e94bca6e-c1fe-42fb-b334-05813d1ab05e", "task": 43, "person": 4, "kind": 2}}, {"model": "matching.taskclaim", "pk": 157, "fields": {"created_at": "2021-03-16T14:14:08.044Z", "updated_at": "2021-03-16T14:14:35.877Z", "uuid": "60e45dfe-5d45-431b-b76a-9578976c48e0", "task": 43, "person": 4, "kind": 2}}, {"model": "matching.taskclaim", "pk": 158, "fields": {"created_at": "2021-03-16T14:15:00.857Z", "updated_at": "2021-03-16T14:15:07.797Z", "uuid": "f5d9c098-d9a7-450e-840f-bd37155f6c25", "task": 43, "person": 4, "kind": 2}}, {"model": "matching.taskclaimrequest", "pk": 1, "fields": {"created_at": "2021-03-01T12:45:21.517Z", "updated_at": "2021-03-01T12:45:21.517Z", "kind": 1, "task": 22, "person": 2, "is_canceled": false}}, {"model": "matching.taskclaimrequest", "pk": 2, "fields": {"created_at": "2021-03-01T12:45:27.945Z", "updated_at": "2021-03-01T12:45:27.945Z", "kind": 1, "task": 22, "person": 2, "is_canceled": false}}, {"model": "matching.taskclaimrequest", "pk": 3, "fields": {"created_at": "2021-03-01T12:50:58.641Z", "updated_at": "2021-03-01T12:50:58.641Z", "kind": 1, "task": 10, "person": 2, "is_canceled": false}}, {"model": "matching.taskclaimrequest", "pk": 4, "fields": {"created_at": "2021-03-01T12:51:05.786Z", "updated_at": "2021-03-01T12:51:05.787Z", "kind": 1, "task": 10, "person": 2, "is_canceled": false}}, {"model": "matching.taskclaimrequest", "pk": 5, "fields": {"created_at": "2021-03-01T12:51:10.960Z", "updated_at": "2021-03-01T12:51:10.960Z", "kind": 1, "task": 10, "person": 2, "is_canceled": false}}, {"model": "matching.taskclaimrequest", "pk": 6, "fields": {"created_at": "2021-03-02T11:48:32.015Z", "updated_at": "2021-03-02T11:48:32.015Z", "kind": 1, "task": 10, "person": 2, "is_canceled": false}}, {"model": "matching.taskclaimrequest", "pk": 7, "fields": {"created_at": "2021-03-02T11:48:37.348Z", "updated_at": "2021-03-02T11:48:37.348Z", "kind": 1, "task": 10, "person": 2, "is_canceled": false}}, {"model": "matching.taskclaimrequest", "pk": 8, "fields": {"created_at": "2021-03-02T11:49:30.206Z", "updated_at": "2021-03-02T11:49:30.206Z", "kind": 1, "task": 23, "person": 2, "is_canceled": false}}, {"model": "matching.taskclaimrequest", "pk": 9, "fields": {"created_at": "2021-03-02T11:49:48.439Z", "updated_at": "2021-03-02T11:49:48.439Z", "kind": 1, "task": 23, "person": 2, "is_canceled": false}}, {"model": "matching.taskclaimrequest", "pk": 10, "fields": {"created_at": "2021-03-02T11:51:29.244Z", "updated_at": "2021-03-02T11:51:29.244Z", "kind": 1, "task": 57, "person": 2, "is_canceled": false}}, {"model": "matching.taskclaimrequest", "pk": 11, "fields": {"created_at": "2021-03-02T11:51:43.554Z", "updated_at": "2021-03-02T11:51:43.554Z", "kind": 1, "task": 51, "person": 2, "is_canceled": false}}, {"model": "matching.taskclaimrequest", "pk": 12, "fields": {"created_at": "2021-03-02T11:51:53.070Z", "updated_at": "2021-03-02T11:51:53.070Z", "kind": 1, "task": 26, "person": 2, "is_canceled": false}}, {"model": "matching.taskclaimrequest", "pk": 13, "fields": {"created_at": "2021-03-02T11:53:26.994Z", "updated_at": "2021-03-02T11:53:26.994Z", "kind": 1, "task": 22, "person": 4, "is_canceled": false}}, {"model": "matching.taskclaimrequest", "pk": 14, "fields": {"created_at": "2021-03-02T11:53:30.493Z", "updated_at": "2021-03-02T11:53:30.493Z", "kind": 1, "task": 22, "person": 4, "is_canceled": false}}, {"model": "matching.taskclaimrequest", "pk": 15, "fields": {"created_at": "2021-03-02T12:43:31.782Z", "updated_at": "2021-03-02T12:43:31.782Z", "kind": 1, "task": 22, "person": 4, "is_canceled": false}}, {"model": "matching.taskclaimrequest", "pk": 16, "fields": {"created_at": "2021-03-02T13:06:13.694Z", "updated_at": "2021-03-02T13:06:13.694Z", "kind": 1, "task": 10, "person": 4, "is_canceled": false}}, {"model": "matching.taskclaimrequest", "pk": 17, "fields": {"created_at": "2021-03-02T13:10:06.757Z", "updated_at": "2021-03-02T13:10:06.757Z", "kind": 1, "task": 10, "person": 3, "is_canceled": false}}, {"model": "matching.taskclaimrequest", "pk": 18, "fields": {"created_at": "2021-03-02T13:10:47.834Z", "updated_at": "2021-03-02T13:10:47.834Z", "kind": 1, "task": 37, "person": 4, "is_canceled": false}}, {"model": "matching.taskclaimrequest", "pk": 19, "fields": {"created_at": "2021-03-02T13:11:07.756Z", "updated_at": "2021-03-02T13:11:07.756Z", "kind": 1, "task": 24, "person": 2, "is_canceled": false}}, {"model": "matching.taskclaimrequest", "pk": 20, "fields": {"created_at": "2021-03-02T13:12:07.912Z", "updated_at": "2021-03-02T13:12:07.912Z", "kind": 1, "task": 24, "person": 2, "is_canceled": false}}, {"model": "matching.taskclaimrequest", "pk": 21, "fields": {"created_at": "2021-03-02T14:04:47.727Z", "updated_at": "2021-03-02T14:04:47.727Z", "kind": 1, "task": 10, "person": 3, "is_canceled": false}}, {"model": "matching.taskclaimrequest", "pk": 22, "fields": {"created_at": "2021-03-02T14:05:01.573Z", "updated_at": "2021-03-02T14:05:01.573Z", "kind": 1, "task": 10, "person": 3, "is_canceled": false}}, {"model": "matching.taskclaimrequest", "pk": 23, "fields": {"created_at": "2021-03-02T14:05:12.120Z", "updated_at": "2021-03-02T14:05:12.120Z", "kind": 1, "task": 10, "person": 3, "is_canceled": false}}, {"model": "matching.taskclaimrequest", "pk": 24, "fields": {"created_at": "2021-03-02T14:08:23.240Z", "updated_at": "2021-03-02T14:08:23.240Z", "kind": 1, "task": 10, "person": 3, "is_canceled": false}}, {"model": "matching.taskclaimrequest", "pk": 25, "fields": {"created_at": "2021-03-02T14:16:48.138Z", "updated_at": "2021-03-02T14:16:48.138Z", "kind": 1, "task": 10, "person": 3, "is_canceled": false}}, {"model": "matching.taskclaimrequest", "pk": 26, "fields": {"created_at": "2021-03-02T14:17:07.066Z", "updated_at": "2021-03-02T14:17:07.066Z", "kind": 1, "task": 10, "person": 3, "is_canceled": false}}, {"model": "matching.taskclaimrequest", "pk": 27, "fields": {"created_at": "2021-03-02T14:17:52.415Z", "updated_at": "2021-03-02T14:17:52.415Z", "kind": 1, "task": 10, "person": 3, "is_canceled": false}}, {"model": "matching.taskclaimrequest", "pk": 28, "fields": {"created_at": "2021-03-02T14:19:11.659Z", "updated_at": "2021-03-02T14:19:11.659Z", "kind": 1, "task": 10, "person": 3, "is_canceled": false}}, {"model": "matching.taskclaimrequest", "pk": 29, "fields": {"created_at": "2021-03-02T14:19:29.062Z", "updated_at": "2021-03-02T14:19:29.062Z", "kind": 1, "task": 10, "person": 3, "is_canceled": false}}, {"model": "matching.taskclaimrequest", "pk": 30, "fields": {"created_at": "2021-03-02T14:19:57.626Z", "updated_at": "2021-03-02T14:19:57.626Z", "kind": 1, "task": 10, "person": 3, "is_canceled": false}}, {"model": "matching.taskclaimrequest", "pk": 31, "fields": {"created_at": "2021-03-02T14:20:26.488Z", "updated_at": "2021-03-02T14:20:26.488Z", "kind": 1, "task": 10, "person": 3, "is_canceled": false}}, {"model": "matching.taskclaimrequest", "pk": 32, "fields": {"created_at": "2021-03-02T14:21:02.213Z", "updated_at": "2021-03-02T14:21:02.213Z", "kind": 1, "task": 10, "person": 3, "is_canceled": false}}, {"model": "matching.taskclaimrequest", "pk": 33, "fields": {"created_at": "2021-03-02T14:27:28.107Z", "updated_at": "2021-03-02T14:27:28.107Z", "kind": 1, "task": 10, "person": 3, "is_canceled": false}}, {"model": "matching.taskclaimrequest", "pk": 34, "fields": {"created_at": "2021-03-02T14:33:42.687Z", "updated_at": "2021-03-02T14:33:42.687Z", "kind": 1, "task": 10, "person": 3, "is_canceled": false}}, {"model": "matching.taskclaimrequest", "pk": 35, "fields": {"created_at": "2021-03-02T14:33:56.042Z", "updated_at": "2021-03-02T14:33:56.042Z", "kind": 1, "task": 10, "person": 3, "is_canceled": false}}, {"model": "matching.taskclaimrequest", "pk": 36, "fields": {"created_at": "2021-03-02T14:34:45.382Z", "updated_at": "2021-03-02T14:34:45.382Z", "kind": 1, "task": 10, "person": 3, "is_canceled": false}}, {"model": "matching.taskclaimrequest", "pk": 37, "fields": {"created_at": "2021-03-02T14:36:08.265Z", "updated_at": "2021-03-02T14:36:08.265Z", "kind": 1, "task": 10, "person": 3, "is_canceled": false}}, {"model": "matching.taskclaimrequest", "pk": 38, "fields": {"created_at": "2021-03-02T14:37:56.150Z", "updated_at": "2021-03-02T14:37:56.150Z", "kind": 1, "task": 10, "person": 3, "is_canceled": false}}, {"model": "matching.taskclaimrequest", "pk": 39, "fields": {"created_at": "2021-03-02T15:03:52.269Z", "updated_at": "2021-03-02T15:03:52.269Z", "kind": 1, "task": 10, "person": 3, "is_canceled": false}}, {"model": "matching.taskclaimrequest", "pk": 40, "fields": {"created_at": "2021-03-02T15:04:51.889Z", "updated_at": "2021-03-02T15:04:51.889Z", "kind": 1, "task": 10, "person": 3, "is_canceled": false}}, {"model": "matching.taskclaimrequest", "pk": 41, "fields": {"created_at": "2021-03-02T15:05:24.411Z", "updated_at": "2021-03-02T15:05:24.411Z", "kind": 1, "task": 10, "person": 3, "is_canceled": false}}, {"model": "matching.taskclaimrequest", "pk": 42, "fields": {"created_at": "2021-03-02T15:27:11.964Z", "updated_at": "2021-03-02T15:27:11.964Z", "kind": 1, "task": 10, "person": 3, "is_canceled": false}}, {"model": "matching.taskclaimrequest", "pk": 43, "fields": {"created_at": "2021-03-02T15:29:26.904Z", "updated_at": "2021-03-02T15:29:26.904Z", "kind": 1, "task": 10, "person": 3, "is_canceled": false}}, {"model": "matching.taskclaimrequest", "pk": 44, "fields": {"created_at": "2021-03-02T15:29:46.656Z", "updated_at": "2021-03-02T15:29:46.656Z", "kind": 1, "task": 10, "person": 3, "is_canceled": false}}, {"model": "matching.taskclaimrequest", "pk": 45, "fields": {"created_at": "2021-03-02T15:30:06.291Z", "updated_at": "2021-03-02T15:30:06.291Z", "kind": 1, "task": 10, "person": 3, "is_canceled": false}}, {"model": "matching.taskclaimrequest", "pk": 46, "fields": {"created_at": "2021-03-02T15:30:32.873Z", "updated_at": "2021-03-02T15:30:32.873Z", "kind": 1, "task": 10, "person": 3, "is_canceled": false}}, {"model": "matching.taskclaimrequest", "pk": 47, "fields": {"created_at": "2021-03-02T15:31:31.938Z", "updated_at": "2021-03-02T15:31:31.938Z", "kind": 1, "task": 10, "person": 3, "is_canceled": false}}, {"model": "matching.taskclaimrequest", "pk": 48, "fields": {"created_at": "2021-03-02T15:34:04.150Z", "updated_at": "2021-03-02T15:34:04.150Z", "kind": 1, "task": 10, "person": 3, "is_canceled": false}}, {"model": "matching.taskclaimrequest", "pk": 49, "fields": {"created_at": "2021-03-02T15:34:18.961Z", "updated_at": "2021-03-02T15:34:18.961Z", "kind": 1, "task": 10, "person": 3, "is_canceled": false}}, {"model": "matching.taskclaimrequest", "pk": 50, "fields": {"created_at": "2021-03-02T15:40:17.043Z", "updated_at": "2021-03-02T15:40:17.043Z", "kind": 1, "task": 10, "person": 3, "is_canceled": false}}, {"model": "matching.taskclaimrequest", "pk": 51, "fields": {"created_at": "2021-03-02T15:40:28.016Z", "updated_at": "2021-03-02T15:40:28.016Z", "kind": 1, "task": 10, "person": 3, "is_canceled": false}}, {"model": "matching.taskclaimrequest", "pk": 52, "fields": {"created_at": "2021-03-02T15:40:40.057Z", "updated_at": "2021-03-02T15:40:40.057Z", "kind": 1, "task": 10, "person": 3, "is_canceled": false}}, {"model": "matching.taskclaimrequest", "pk": 53, "fields": {"created_at": "2021-03-02T15:40:47.502Z", "updated_at": "2021-03-02T15:40:47.502Z", "kind": 1, "task": 10, "person": 3, "is_canceled": false}}, {"model": "matching.taskclaimrequest", "pk": 54, "fields": {"created_at": "2021-03-02T15:42:35.793Z", "updated_at": "2021-03-02T15:42:35.793Z", "kind": 1, "task": 10, "person": 3, "is_canceled": false}}, {"model": "matching.taskclaimrequest", "pk": 55, "fields": {"created_at": "2021-03-02T15:44:39.182Z", "updated_at": "2021-03-02T15:44:39.182Z", "kind": 1, "task": 10, "person": 3, "is_canceled": false}}, {"model": "matching.taskclaimrequest", "pk": 56, "fields": {"created_at": "2021-03-02T15:52:53.464Z", "updated_at": "2021-03-02T15:52:53.464Z", "kind": 1, "task": 13, "person": 3, "is_canceled": false}}, {"model": "matching.taskclaimrequest", "pk": 57, "fields": {"created_at": "2021-03-02T16:05:51.905Z", "updated_at": "2021-03-02T16:05:51.905Z", "kind": 1, "task": 13, "person": 3, "is_canceled": false}}, {"model": "matching.taskclaimrequest", "pk": 58, "fields": {"created_at": "2021-03-02T16:06:03.545Z", "updated_at": "2021-03-02T16:06:03.545Z", "kind": 1, "task": 13, "person": 3, "is_canceled": false}}, {"model": "matching.taskclaimrequest", "pk": 59, "fields": {"created_at": "2021-03-02T16:08:44.946Z", "updated_at": "2021-03-02T16:08:44.946Z", "kind": 1, "task": 13, "person": 3, "is_canceled": false}}, {"model": "matching.taskclaimrequest", "pk": 60, "fields": {"created_at": "2021-03-02T16:11:39.919Z", "updated_at": "2021-03-02T16:11:39.919Z", "kind": 1, "task": 22, "person": 3, "is_canceled": false}}, {"model": "matching.taskclaimrequest", "pk": 61, "fields": {"created_at": "2021-03-08T18:04:37.602Z", "updated_at": "2021-03-08T18:04:37.603Z", "kind": 1, "task": 24, "person": 4, "is_canceled": false}}, {"model": "matching.taskclaimrequest", "pk": 62, "fields": {"created_at": "2021-03-08T18:06:53.975Z", "updated_at": "2021-03-08T18:06:53.975Z", "kind": 1, "task": 24, "person": 4, "is_canceled": false}}, {"model": "matching.taskclaimrequest", "pk": 63, "fields": {"created_at": "2021-03-09T12:14:23.196Z", "updated_at": "2021-03-09T12:14:23.196Z", "kind": 1, "task": 24, "person": 5, "is_canceled": false}}, {"model": "matching.taskclaimrequest", "pk": 64, "fields": {"created_at": "2021-03-09T12:16:16.251Z", "updated_at": "2021-03-09T12:16:16.251Z", "kind": 1, "task": 24, "person": 5, "is_canceled": false}}, {"model": "matching.taskclaimrequest", "pk": 65, "fields": {"created_at": "2021-03-09T12:17:03.596Z", "updated_at": "2021-03-09T12:17:03.596Z", "kind": 1, "task": 24, "person": 5, "is_canceled": false}}, {"model": "matching.taskclaimrequest", "pk": 66, "fields": {"created_at": "2021-03-09T12:20:27.724Z", "updated_at": "2021-03-09T12:20:27.724Z", "kind": 1, "task": 24, "person": 5, "is_canceled": false}}, {"model": "matching.taskclaimrequest", "pk": 67, "fields": {"created_at": "2021-03-09T12:20:54.499Z", "updated_at": "2021-03-09T12:20:54.499Z", "kind": 1, "task": 24, "person": 5, "is_canceled": false}}, {"model": "matching.taskclaimrequest", "pk": 68, "fields": {"created_at": "2021-03-09T12:24:36.111Z", "updated_at": "2021-03-09T12:24:36.111Z", "kind": 1, "task": 24, "person": 5, "is_canceled": false}}, {"model": "matching.taskclaimrequest", "pk": 69, "fields": {"created_at": "2021-03-09T12:30:16.286Z", "updated_at": "2021-03-09T12:30:16.286Z", "kind": 1, "task": 24, "person": 5, "is_canceled": false}}, {"model": "matching.taskclaimrequest", "pk": 70, "fields": {"created_at": "2021-03-09T12:30:34.417Z", "updated_at": "2021-03-09T12:30:34.417Z", "kind": 1, "task": 24, "person": 5, "is_canceled": false}}, {"model": "matching.taskclaimrequest", "pk": 71, "fields": {"created_at": "2021-03-09T12:31:01.755Z", "updated_at": "2021-03-09T12:31:01.755Z", "kind": 1, "task": 24, "person": 5, "is_canceled": false}}, {"model": "matching.taskclaimrequest", "pk": 72, "fields": {"created_at": "2021-03-09T12:32:07.928Z", "updated_at": "2021-03-09T12:32:07.928Z", "kind": 1, "task": 24, "person": 5, "is_canceled": false}}, {"model": "matching.taskclaimrequest", "pk": 73, "fields": {"created_at": "2021-03-09T12:32:37.435Z", "updated_at": "2021-03-09T12:32:37.435Z", "kind": 1, "task": 24, "person": 5, "is_canceled": false}}, {"model": "matching.taskclaimrequest", "pk": 74, "fields": {"created_at": "2021-03-09T12:36:09.068Z", "updated_at": "2021-03-09T12:36:09.068Z", "kind": 1, "task": 24, "person": 5, "is_canceled": false}}, {"model": "matching.taskclaimrequest", "pk": 75, "fields": {"created_at": "2021-03-09T12:40:53.859Z", "updated_at": "2021-03-09T12:40:53.859Z", "kind": 1, "task": 24, "person": 5, "is_canceled": false}}, {"model": "matching.taskclaimrequest", "pk": 76, "fields": {"created_at": "2021-03-09T12:44:58.688Z", "updated_at": "2021-03-09T12:44:58.688Z", "kind": 1, "task": 24, "person": 5, "is_canceled": false}}, {"model": "matching.taskclaimrequest", "pk": 77, "fields": {"created_at": "2021-03-09T13:02:02.822Z", "updated_at": "2021-03-09T13:02:02.822Z", "kind": 1, "task": 24, "person": 5, "is_canceled": false}}, {"model": "matching.taskclaimrequest", "pk": 78, "fields": {"created_at": "2021-03-09T13:03:16.485Z", "updated_at": "2021-03-09T13:03:16.485Z", "kind": 1, "task": 24, "person": 5, "is_canceled": false}}, {"model": "matching.taskclaimrequest", "pk": 79, "fields": {"created_at": "2021-03-09T13:07:01.729Z", "updated_at": "2021-03-09T13:07:01.729Z", "kind": 1, "task": 24, "person": 5, "is_canceled": false}}, {"model": "matching.taskclaimrequest", "pk": 80, "fields": {"created_at": "2021-03-09T13:09:56.364Z", "updated_at": "2021-03-09T13:09:56.364Z", "kind": 1, "task": 21, "person": 5, "is_canceled": false}}, {"model": "matching.taskclaimrequest", "pk": 81, "fields": {"created_at": "2021-03-09T13:10:30.733Z", "updated_at": "2021-03-09T13:10:30.733Z", "kind": 1, "task": 21, "person": 5, "is_canceled": false}}, {"model": "matching.taskclaimrequest", "pk": 82, "fields": {"created_at": "2021-03-09T13:10:49.018Z", "updated_at": "2021-03-09T13:10:49.018Z", "kind": 1, "task": 21, "person": 5, "is_canceled": false}}, {"model": "matching.taskclaimrequest", "pk": 83, "fields": {"created_at": "2021-03-09T13:11:47.504Z", "updated_at": "2021-03-09T13:11:47.504Z", "kind": 1, "task": 21, "person": 5, "is_canceled": false}}, {"model": "matching.taskclaimrequest", "pk": 84, "fields": {"created_at": "2021-03-09T13:16:36.791Z", "updated_at": "2021-03-09T13:16:36.791Z", "kind": 1, "task": 21, "person": 5, "is_canceled": false}}, {"model": "matching.taskclaimrequest", "pk": 85, "fields": {"created_at": "2021-03-09T13:17:45.564Z", "updated_at": "2021-03-09T13:17:45.565Z", "kind": 1, "task": 21, "person": 5, "is_canceled": false}}, {"model": "matching.taskclaimrequest", "pk": 86, "fields": {"created_at": "2021-03-09T13:32:09.122Z", "updated_at": "2021-03-09T13:32:09.122Z", "kind": 1, "task": 21, "person": 5, "is_canceled": false}}, {"model": "matching.taskclaimrequest", "pk": 87, "fields": {"created_at": "2021-03-09T13:46:59.806Z", "updated_at": "2021-03-09T13:46:59.806Z", "kind": 1, "task": 21, "person": 5, "is_canceled": false}}, {"model": "matching.taskclaimrequest", "pk": 88, "fields": {"created_at": "2021-03-09T13:48:31.332Z", "updated_at": "2021-03-09T13:48:31.332Z", "kind": 1, "task": 21, "person": 5, "is_canceled": false}}, {"model": "matching.taskclaimrequest", "pk": 89, "fields": {"created_at": "2021-03-09T13:50:17.991Z", "updated_at": "2021-03-09T13:50:17.991Z", "kind": 1, "task": 21, "person": 5, "is_canceled": false}}, {"model": "matching.taskclaimrequest", "pk": 90, "fields": {"created_at": "2021-03-09T13:53:48.333Z", "updated_at": "2021-03-09T13:53:48.333Z", "kind": 1, "task": 21, "person": 5, "is_canceled": false}}, {"model": "matching.taskclaimrequest", "pk": 91, "fields": {"created_at": "2021-03-09T13:55:17.946Z", "updated_at": "2021-03-09T13:55:17.946Z", "kind": 1, "task": 21, "person": 5, "is_canceled": false}}, {"model": "matching.taskclaimrequest", "pk": 92, "fields": {"created_at": "2021-03-09T13:55:59.879Z", "updated_at": "2021-03-09T13:55:59.879Z", "kind": 1, "task": 21, "person": 5, "is_canceled": false}}, {"model": "matching.taskclaimrequest", "pk": 93, "fields": {"created_at": "2021-03-09T14:00:21.216Z", "updated_at": "2021-03-09T14:00:21.216Z", "kind": 1, "task": 21, "person": 5, "is_canceled": false}}, {"model": "matching.taskclaimrequest", "pk": 94, "fields": {"created_at": "2021-03-10T11:15:33.317Z", "updated_at": "2021-03-10T11:15:33.317Z", "kind": 1, "task": 37, "person": 4, "is_canceled": false}}, {"model": "matching.taskclaimrequest", "pk": 95, "fields": {"created_at": "2021-03-15T10:31:47.479Z", "updated_at": "2021-03-15T10:31:47.479Z", "kind": 1, "task": 100, "person": 4, "is_canceled": false}}, {"model": "matching.taskclaimrequest", "pk": 96, "fields": {"created_at": "2021-03-15T10:58:19.097Z", "updated_at": "2021-03-15T10:58:19.097Z", "kind": 1, "task": 27, "person": 4, "is_canceled": false}}, {"model": "matching.taskclaimrequest", "pk": 97, "fields": {"created_at": "2021-03-15T17:38:47.396Z", "updated_at": "2021-03-15T17:38:47.396Z", "kind": 1, "task": 27, "person": 4, "is_canceled": false}}, {"model": "matching.taskclaimrequest", "pk": 98, "fields": {"created_at": "2021-03-15T17:41:04.832Z", "updated_at": "2021-03-15T17:41:04.832Z", "kind": 1, "task": 27, "person": 4, "is_canceled": false}}, {"model": "matching.taskclaimrequest", "pk": 99, "fields": {"created_at": "2021-03-15T17:42:21.418Z", "updated_at": "2021-03-15T17:42:21.418Z", "kind": 1, "task": 27, "person": 4, "is_canceled": false}}, {"model": "matching.taskclaimrequest", "pk": 100, "fields": {"created_at": "2021-03-15T17:42:21.977Z", "updated_at": "2021-03-15T17:42:21.977Z", "kind": 1, "task": 27, "person": 4, "is_canceled": false}}, {"model": "matching.taskclaimrequest", "pk": 101, "fields": {"created_at": "2021-03-15T17:43:12.931Z", "updated_at": "2021-03-15T17:43:12.931Z", "kind": 1, "task": 32, "person": 4, "is_canceled": false}}, {"model": "matching.taskclaimrequest", "pk": 102, "fields": {"created_at": "2021-03-15T17:43:31.072Z", "updated_at": "2021-03-15T17:43:31.072Z", "kind": 1, "task": 32, "person": 4, "is_canceled": false}}, {"model": "matching.taskclaimrequest", "pk": 103, "fields": {"created_at": "2021-03-15T17:43:33.804Z", "updated_at": "2021-03-15T17:43:33.804Z", "kind": 1, "task": 32, "person": 4, "is_canceled": false}}, {"model": "matching.taskclaimrequest", "pk": 104, "fields": {"created_at": "2021-03-16T09:27:51.227Z", "updated_at": "2021-03-16T09:27:51.227Z", "kind": 1, "task": 97, "person": 4, "is_canceled": false}}, {"model": "matching.taskclaimrequest", "pk": 105, "fields": {"created_at": "2021-03-16T09:38:21.014Z", "updated_at": "2021-03-16T09:38:21.014Z", "kind": 1, "task": 97, "person": 4, "is_canceled": false}}, {"model": "matching.taskclaimrequest", "pk": 106, "fields": {"created_at": "2021-03-16T09:39:04.053Z", "updated_at": "2021-03-16T09:39:04.053Z", "kind": 1, "task": 97, "person": 4, "is_canceled": false}}, {"model": "matching.taskclaimrequest", "pk": 107, "fields": {"created_at": "2021-03-16T09:39:19.825Z", "updated_at": "2021-03-16T09:39:19.825Z", "kind": 1, "task": 97, "person": 4, "is_canceled": false}}, {"model": "matching.taskclaimrequest", "pk": 108, "fields": {"created_at": "2021-03-16T09:43:16.607Z", "updated_at": "2021-03-16T09:43:16.607Z", "kind": 1, "task": 97, "person": 4, "is_canceled": false}}, {"model": "matching.taskclaimrequest", "pk": 109, "fields": {"created_at": "2021-03-16T09:53:11.675Z", "updated_at": "2021-03-16T09:53:11.675Z", "kind": 1, "task": 97, "person": 4, "is_canceled": false}}, {"model": "matching.taskclaimrequest", "pk": 110, "fields": {"created_at": "2021-03-16T09:53:41.564Z", "updated_at": "2021-03-16T09:53:41.564Z", "kind": 1, "task": 97, "person": 4, "is_canceled": false}}, {"model": "matching.taskclaimrequest", "pk": 111, "fields": {"created_at": "2021-03-16T09:54:38.030Z", "updated_at": "2021-03-16T09:54:38.030Z", "kind": 1, "task": 97, "person": 4, "is_canceled": false}}, {"model": "matching.taskclaimrequest", "pk": 112, "fields": {"created_at": "2021-03-16T09:54:55.221Z", "updated_at": "2021-03-16T09:54:55.221Z", "kind": 1, "task": 97, "person": 4, "is_canceled": false}}, {"model": "matching.taskclaimrequest", "pk": 113, "fields": {"created_at": "2021-03-16T10:12:49.383Z", "updated_at": "2021-03-16T10:12:49.383Z", "kind": 1, "task": 97, "person": 4, "is_canceled": false}}, {"model": "matching.taskclaimrequest", "pk": 114, "fields": {"created_at": "2021-03-16T10:13:15.844Z", "updated_at": "2021-03-16T10:13:15.844Z", "kind": 1, "task": 97, "person": 4, "is_canceled": false}}, {"model": "matching.taskclaimrequest", "pk": 115, "fields": {"created_at": "2021-03-16T10:36:06.351Z", "updated_at": "2021-03-16T10:36:06.351Z", "kind": 1, "task": 97, "person": 4, "is_canceled": false}}, {"model": "matching.taskclaimrequest", "pk": 116, "fields": {"created_at": "2021-03-16T10:37:58.389Z", "updated_at": "2021-03-16T10:37:58.389Z", "kind": 1, "task": 97, "person": 4, "is_canceled": false}}, {"model": "matching.taskclaimrequest", "pk": 117, "fields": {"created_at": "2021-03-16T10:40:13.402Z", "updated_at": "2021-03-16T10:40:13.402Z", "kind": 1, "task": 97, "person": 4, "is_canceled": false}}, {"model": "matching.taskclaimrequest", "pk": 118, "fields": {"created_at": "2021-03-16T11:30:51.972Z", "updated_at": "2021-03-16T11:30:51.972Z", "kind": 1, "task": 97, "person": 4, "is_canceled": false}}, {"model": "matching.taskclaimrequest", "pk": 119, "fields": {"created_at": "2021-03-16T11:31:16.617Z", "updated_at": "2021-03-16T11:31:16.617Z", "kind": 1, "task": 97, "person": 4, "is_canceled": false}}, {"model": "matching.taskclaimrequest", "pk": 120, "fields": {"created_at": "2021-03-16T11:36:27.848Z", "updated_at": "2021-03-16T11:36:27.848Z", "kind": 1, "task": 97, "person": 4, "is_canceled": false}}, {"model": "matching.taskclaimrequest", "pk": 121, "fields": {"created_at": "2021-03-16T11:37:04.287Z", "updated_at": "2021-03-16T11:37:04.287Z", "kind": 1, "task": 97, "person": 4, "is_canceled": false}}, {"model": "matching.taskclaimrequest", "pk": 122, "fields": {"created_at": "2021-03-16T11:44:33.465Z", "updated_at": "2021-03-16T11:44:33.465Z", "kind": 1, "task": 97, "person": 4, "is_canceled": false}}, {"model": "matching.taskclaimrequest", "pk": 123, "fields": {"created_at": "2021-03-16T11:54:17.371Z", "updated_at": "2021-03-16T11:54:17.371Z", "kind": 1, "task": 97, "person": 4, "is_canceled": false}}, {"model": "matching.taskclaimrequest", "pk": 124, "fields": {"created_at": "2021-03-16T12:18:39.048Z", "updated_at": "2021-03-16T12:18:39.048Z", "kind": 1, "task": 97, "person": 4, "is_canceled": false}}, {"model": "matching.taskclaimrequest", "pk": 125, "fields": {"created_at": "2021-03-16T12:19:02.592Z", "updated_at": "2021-03-16T12:19:02.592Z", "kind": 1, "task": 97, "person": 4, "is_canceled": false}}, {"model": "matching.taskclaimrequest", "pk": 126, "fields": {"created_at": "2021-03-16T12:19:27.557Z", "updated_at": "2021-03-16T12:19:27.557Z", "kind": 1, "task": 97, "person": 4, "is_canceled": false}}, {"model": "matching.taskclaimrequest", "pk": 127, "fields": {"created_at": "2021-03-16T12:21:33.321Z", "updated_at": "2021-03-16T12:21:33.321Z", "kind": 1, "task": 97, "person": 4, "is_canceled": false}}, {"model": "matching.taskclaimrequest", "pk": 128, "fields": {"created_at": "2021-03-16T13:12:16.676Z", "updated_at": "2021-03-16T13:12:16.676Z", "kind": 1, "task": 97, "person": 4, "is_canceled": false}}, {"model": "matching.taskclaimrequest", "pk": 129, "fields": {"created_at": "2021-03-16T13:12:51.069Z", "updated_at": "2021-03-16T13:12:51.069Z", "kind": 1, "task": 97, "person": 4, "is_canceled": false}}, {"model": "matching.taskclaimrequest", "pk": 130, "fields": {"created_at": "2021-03-16T13:22:26.946Z", "updated_at": "2021-03-16T13:22:26.946Z", "kind": 1, "task": 97, "person": 4, "is_canceled": false}}, {"model": "matching.taskclaimrequest", "pk": 131, "fields": {"created_at": "2021-03-16T13:23:32.329Z", "updated_at": "2021-03-16T13:23:32.329Z", "kind": 1, "task": 97, "person": 4, "is_canceled": false}}, {"model": "matching.taskclaimrequest", "pk": 132, "fields": {"created_at": "2021-03-16T13:23:57.195Z", "updated_at": "2021-03-16T13:23:57.195Z", "kind": 1, "task": 43, "person": 4, "is_canceled": false}}, {"model": "matching.taskclaimrequest", "pk": 133, "fields": {"created_at": "2021-03-16T13:27:04.687Z", "updated_at": "2021-03-16T13:27:04.687Z", "kind": 1, "task": 43, "person": 4, "is_canceled": false}}, {"model": "matching.taskclaimrequest", "pk": 134, "fields": {"created_at": "2021-03-16T13:49:09.078Z", "updated_at": "2021-03-16T13:49:09.078Z", "kind": 1, "task": 43, "person": 4, "is_canceled": false}}, {"model": "matching.taskclaimrequest", "pk": 135, "fields": {"created_at": "2021-03-16T13:50:34.386Z", "updated_at": "2021-03-16T13:50:34.386Z", "kind": 1, "task": 43, "person": 4, "is_canceled": false}}, {"model": "matching.taskclaimrequest", "pk": 136, "fields": {"created_at": "2021-03-16T13:55:49.419Z", "updated_at": "2021-03-16T13:55:49.419Z", "kind": 1, "task": 43, "person": 4, "is_canceled": false}}, {"model": "matching.taskclaimrequest", "pk": 137, "fields": {"created_at": "2021-03-16T13:59:32.238Z", "updated_at": "2021-03-16T13:59:32.238Z", "kind": 1, "task": 43, "person": 4, "is_canceled": false}}, {"model": "matching.taskclaimrequest", "pk": 138, "fields": {"created_at": "2021-03-16T13:59:46.042Z", "updated_at": "2021-03-16T13:59:46.042Z", "kind": 1, "task": 43, "person": 4, "is_canceled": false}}, {"model": "matching.taskclaimrequest", "pk": 139, "fields": {"created_at": "2021-03-16T14:14:08.037Z", "updated_at": "2021-03-16T14:14:08.037Z", "kind": 1, "task": 43, "person": 4, "is_canceled": false}}, {"model": "matching.taskclaimrequest", "pk": 140, "fields": {"created_at": "2021-03-16T14:15:00.851Z", "updated_at": "2021-03-16T14:15:00.851Z", "kind": 1, "task": 43, "person": 4, "is_canceled": false}}, {"model": "comments.comment", "pk": 1, "fields": {"path": "0001", "depth": 1, "numchild": 26, "person": null, "text": "root"}}, {"model": "comments.comment", "pk": 8, "fields": {"path": "00010001", "depth": 2, "numchild": 1, "person": 3, "text": "I have one question"}}, {"model": "comments.comment", "pk": 9, "fields": {"path": "00010002", "depth": 2, "numchild": 0, "person": 3, "text": "Wow"}}, {"model": "comments.comment", "pk": 13, "fields": {"path": "000100010001", "depth": 3, "numchild": 0, "person": 2, "text": "Okay, ask me"}}, {"model": "comments.comment", "pk": 44, "fields": {"path": "0002", "depth": 1, "numchild": 2, "person": null, "text": "root"}}, {"model": "comments.comment", "pk": 45, "fields": {"path": "00020001", "depth": 2, "numchild": 0, "person": 3, "text": "Init comment"}}, {"model": "comments.comment", "pk": 46, "fields": {"path": "00020002", "depth": 2, "numchild": 0, "person": 3, "text": "Second comment"}}, {"model": "comments.comment", "pk": 61, "fields": {"path": "0003", "depth": 1, "numchild": 4, "person": null, "text": "root"}}, {"model": "comments.comment", "pk": 62, "fields": {"path": "00030001", "depth": 2, "numchild": 1, "person": 3, "text": "Init comment"}}, {"model": "comments.comment", "pk": 63, "fields": {"path": "00030002", "depth": 2, "numchild": 1, "person": 3, "text": "Second comment"}}, {"model": "comments.comment", "pk": 64, "fields": {"path": "000300020001", "depth": 3, "numchild": 0, "person": 3, "text": "Sub comment for second"}}, {"model": "comments.comment", "pk": 65, "fields": {"path": "000300010001", "depth": 3, "numchild": 2, "person": 3, "text": "Sub comment for init"}}, {"model": "comments.comment", "pk": 66, "fields": {"path": "0003000100010001", "depth": 4, "numchild": 0, "person": 3, "text": "@james-reese @james-reese "}}, {"model": "comments.comment", "pk": 68, "fields": {"path": "00030003", "depth": 2, "numchild": 0, "person": 3, "text": "@default-user "}}, {"model": "comments.comment", "pk": 70, "fields": {"path": "00030004", "depth": 2, "numchild": 0, "person": 3, "text": "Test @john-smith "}}, {"model": "comments.comment", "pk": 71, "fields": {"path": "00010003", "depth": 2, "numchild": 0, "person": 3, "text": "Test"}}, {"model": "comments.comment", "pk": 72, "fields": {"path": "00010004", "depth": 2, "numchild": 0, "person": 3, "text": "Test @james-reese "}}, {"model": "comments.comment", "pk": 73, "fields": {"path": "00010005", "depth": 2, "numchild": 0, "person": 3, "text": "Hello, @matthew-haddad @james-reese "}}, {"model": "comments.comment", "pk": 74, "fields": {"path": "00010006", "depth": 2, "numchild": 0, "person": 3, "text": "Test @matthew-haddad @james-reese efe"}}, {"model": "comments.comment", "pk": 75, "fields": {"path": "00010007", "depth": 2, "numchild": 0, "person": 3, "text": "Hello @pasha-boss "}}, {"model": "comments.comment", "pk": 76, "fields": {"path": "00010008", "depth": 2, "numchild": 0, "person": 3, "text": "Hello @james-reese @pasha-boss "}}, {"model": "comments.comment", "pk": 77, "fields": {"path": "00010009", "depth": 2, "numchild": 0, "person": 3, "text": "Hello @john-smith @pasha-boss "}}, {"model": "comments.comment", "pk": 78, "fields": {"path": "0001000A", "depth": 2, "numchild": 0, "person": 3, "text": "Hello guys @james-reese @pasha-boss "}}, {"model": "comments.comment", "pk": 79, "fields": {"path": "0004", "depth": 1, "numchild": 1, "person": null, "text": "root"}}, {"model": "comments.comment", "pk": 80, "fields": {"path": "00040001", "depth": 2, "numchild": 1, "person": 5, "text": "Test comment"}}, {"model": "comments.comment", "pk": 81, "fields": {"path": "000400010001", "depth": 3, "numchild": 0, "person": 5, "text": "Sub comment"}}, {"model": "comments.comment", "pk": 82, "fields": {"path": "0005", "depth": 1, "numchild": 1, "person": null, "text": "root"}}, {"model": "comments.comment", "pk": 83, "fields": {"path": "00050001", "depth": 2, "numchild": 0, "person": 5, "text": "Test comment"}}, {"model": "license.contributoragreement", "pk": 1, "fields": {"product": 1, "agreement_content": "<p>regerg</p>"}}, {"model": "license.contributoragreement", "pk": 2, "fields": {"product": 1, "agreement_content": "<p>Lorem ipsum dolor sit amet, consectetur adipiscing elit. Morbi lobortis felis ut lorem posuere, at commodo est sagittis. Nunc laoreet tortor sit amet sodales condimentum. Vivamus nisl eros, consequat eget massa at, varius scelerisque odio. Nam rhoncus condimentum pharetra. Praesent rhoncus nisl ac sollicitudin sollicitudin. Aliquam aliquam varius aliquam. Donec pulvinar nibh neque, at sodales augue sodales elementum.</p>\n<p>Nulla id bibendum ipsum. Sed ullamcorper convallis tellus quis auctor. Donec a iaculis mauris. Sed sodales elit neque, sit amet tincidunt lectus blandit vitae. Praesent et ante ac mi porta dapibus a vitae enim. Aenean pulvinar viverra mi id placerat. Phasellus tempus feugiat dolor, elementum egestas dolor malesuada eget. Proin faucibus sem sed augue egestas posuere.</p>\n<p>Donec ac magna vitae velit sollicitudin finibus ac vitae eros. Etiam vehicula, turpis et dictum gravida, dui sapien scelerisque turpis, a molestie augue purus eu neque. Nullam viverra convallis enim cursus lacinia. Phasellus id quam pretium, egestas diam non, posuere dolor. Fusce non egestas erat. Maecenas efficitur, turpis in elementum vestibulum, tortor nulla pharetra ipsum, ac semper tellus lacus eu arcu. Nullam egestas lectus non ornare euismod. Proin efficitur turpis non aliquam pretium. Proin sagittis varius nibh nec vulputate. Sed fermentum ex nisi, a molestie nulla mattis non.</p>\n<p>Sed imperdiet mattis nibh vitae laoreet. Aliquam sed lorem quam. Donec rutrum eros sed nisi blandit venenatis. Quisque vitae arcu nec augue ornare consequat quis sit amet ligula. Sed posuere nisl et lacus cursus, in ultrices dui dapibus. Phasellus at lobortis dui, nec facilisis ligula. Nullam lobortis augue non tempor pharetra.</p>\n<p>Pellentesque ornare sit amet quam sed feugiat. Cras nunc tortor, ornare a varius sit amet, accumsan in eros. Nullam blandit nunc lectus, in iaculis risus condimentum eget. Nam facilisis nisi et nisi pellentesque, eget gravida purus lacinia. Maecenas sed nisi rhoncus orci sodales facilisis. Pellentesque non quam vitae mauris suscipit aliquam sit amet nec ligula. Pellentesque eget sem ut risus mollis congue. Pellentesque habitant morbi tristique senectus et netus et malesuada fames ac turpis egestas. Sed et dolor quam. Praesent egestas urna vitae est consequat imperdiet. Morbi metus nunc, auctor nec mattis id, congue maximus metus. Cras ut libero sed orci consectetur dictum. Donec sollicitudin, massa nec semper consectetur, ex sem tempus ex, in condimentum lacus nibh maximus est. Suspendisse interdum viverra lobortis.</p>\n<p>Fusce sodales mauris a sapien auctor, in faucibus nisi blandit. Pellentesque vehicula, orci in placerat eleifend, velit quam tincidunt mauris, mollis viverra nunc orci id felis. Nam quis euismod est. Sed eu nulla gravida, lobortis lectus sed, maximus dolor. Curabitur at elit a nibh pulvinar dictum. Maecenas a facilisis nunc, nec posuere nulla. Maecenas nec ornare neque, quis vehicula sem. Vivamus felis eros, tincidunt vel augue in, vestibulum congue dui. Aenean lobortis, lorem tincidunt consequat volutpat, felis elit sodales elit, quis sodales mauris nulla in lectus.</p>\n<p>Pellentesque molestie congue arcu, nec gravida nibh ornare in. Donec massa metus, gravida sit amet convallis posuere, pharetra id metus. Donec facilisis lorem libero, nec dignissim turpis fringilla eget. Nam condimentum nisl vehicula, facilisis erat sed, malesuada lorem. Vestibulum urna diam, venenatis molestie eros quis, euismod lacinia ipsum. Vivamus sodales arcu in justo commodo, et cursus ligula cursus. Donec sem tellus, porta a leo sed, aliquam semper lectus. In hac habitasse platea dictumst. Duis ut magna in lacus elementum elementum at vitae velit. Curabitur non lacus enim. Aenean accumsan quam non maximus sollicitudin. Donec vehicula, nisl a hendrerit tincidunt, ante tellus iaculis arcu, non volutpat libero enim vitae nunc. Aenean purus velit, eleifend dapibus elit in, viverra ultricies purus. Donec fringilla rhoncus dignissim. Suspendisse feugiat odio diam, eu euismod dui vulputate a. Aliquam ipsum risus, molestie quis dolor eget, dignissim dapibus quam.</p>\n<p>Donec tincidunt vestibulum risus, vitae viverra mi commodo quis. Cras ullamcorper lectus non nibh lobortis placerat. Etiam sagittis fermentum sollicitudin. Praesent pulvinar aliquet accumsan. Nulla tortor turpis, vestibulum quis lectus in, rutrum consectetur augue. Mauris lacinia venenatis maximus. Integer id maximus nibh, sed sollicitudin velit. Nam non tortor suscipit, condimentum eros a, fringilla massa. Nam sodales eros quis ipsum pretium, nec consectetur sem feugiat. Pellentesque habitant morbi tristique senectus et netus et malesuada fames ac turpis egestas. Vestibulum eget rhoncus enim. Aenean dignissim libero sit amet ligula volutpat, eget volutpat purus aliquam. Orci varius natoque penatibus et magnis dis parturient montes, nascetur ridiculus mus.</p>\n<p>Proin leo eros, euismod at magna ac, congue viverra leo. Maecenas iaculis sapien at leo facilisis, tempus cursus nunc molestie. Praesent odio neque, maximus eget commodo eu, interdum eget ante. Quisque sagittis velit eget dolor tincidunt, ut tristique mauris euismod. Donec tempus sodales felis, vitae mollis est viverra nec. Duis sed accumsan tortor. Proin risus erat, varius ut diam sed, porttitor fringilla mi. Morbi cursus luctus velit nec tincidunt. In ullamcorper odio libero. Donec pharetra convallis orci, eget euismod mauris sodales quis. Nam vel tellus in diam venenatis euismod eu consectetur ante. Phasellus mattis aliquam pulvinar. Donec sit amet augue ullamcorper, dapibus dolor quis, suscipit urna. Proin ut facilisis sapien. Mauris eu ornare purus. Curabitur aliquam egestas ex ut maximus.</p>\n<p>Etiam scelerisque libero ac orci lacinia, ut aliquam tortor finibus. Sed dui ligula, pharetra sit amet elit non, aliquet lacinia nunc. Etiam sed turpis nibh. Sed faucibus urna pellentesque, facilisis eros eu, varius lorem. Pellentesque quis blandit lacus. Cras dapibus odio at scelerisque eleifend. Etiam sagittis tempor sem, nec aliquam mi tincidunt sit amet. Vestibulum sed bibendum orci, at vestibulum purus. Sed quis imperdiet tellus. Integer in nibh id sem dictum semper vel ut nulla. Aliquam blandit, mi at gravida convallis, erat orci ornare tellus, et semper enim velit vitae diam. Duis euismod purus quis bibendum auctor. Quisque posuere erat non maximus pretium.</p>\n<p>Nulla eleifend nulla quis lorem viverra luctus. Nulla pretium congue metus. Aenean volutpat lacus sed pellentesque euismod. Fusce ultricies purus sed bibendum finibus. Suspendisse ac tincidunt urna. Aliquam vel semper nunc, sit amet tempor ante. Fusce blandit a purus sit amet faucibus. Sed quis feugiat massa. Quisque vulputate interdum diam, at tristique urna dictum luctus. Vivamus blandit auctor dui, et sodales lorem sagittis eu.</p>\n<p>Nunc convallis, urna vitae egestas vulputate, nisi ligula luctus elit, laoreet lobortis turpis ante a orci. Integer accumsan tortor faucibus lacus tempor venenatis. Vestibulum egestas non est et consectetur. Suspendisse dignissim dapibus massa, a tincidunt massa pellentesque quis. Nam tincidunt quam dolor, ac tincidunt massa condimentum ut. Nam eget sem ultrices, venenatis erat in, aliquet nisi. Cras faucibus ex eget semper blandit. Fusce mi urna, porta et justo ut, venenatis tristique justo. Aliquam quis sagittis tellus, sit amet efficitur erat. Sed condimentum nunc nisl, et sollicitudin urna elementum in. Class aptent taciti sociosqu ad litora torquent per conubia nostra, per inceptos himenaeos. Quisque vulputate laoreet purus, in blandit ipsum pharetra nec.</p>\n<p>Morbi et urna mattis, aliquet mauris eu, rhoncus nunc. Suspendisse fermentum diam nec lacinia rutrum. Maecenas ac massa accumsan, mollis metus nec, venenatis arcu. In semper vehicula dui vel congue. Suspendisse ex sapien, malesuada sit amet nibh a, hendrerit interdum justo. Aenean vitae aliquam justo. Interdum et malesuada fames ac ante ipsum primis in faucibus.</p>\n<p>Nulla ullamcorper congue nulla quis sagittis. Maecenas nunc diam, fringilla nec varius ac, cursus nec nibh. Aenean vestibulum est non tellus venenatis, scelerisque auctor leo malesuada. Nam dapibus et metus at rutrum. Nunc sollicitudin lobortis fermentum. Pellentesque non consectetur ex. Morbi dictum nisi et velit efficitur, vitae gravida elit cursus. Nam sit amet lorem dui. Nunc at quam eget felis convallis condimentum id non velit. Pellentesque habitant morbi tristique senectus et netus et malesuada fames ac turpis egestas.</p>\n<p>Suspendisse quis nisi quis sapien placerat euismod. Phasellus fermentum, tellus eget maximus rutrum, urna quam facilisis metus, tempus pharetra lacus urna sit amet mauris. Mauris neque lacus, posuere ut ipsum non, placerat tincidunt libero. In non ultricies mauris, porta feugiat lectus. Proin sit amet est semper, volutpat lectus et, volutpat sapien. Nullam ornare eros eget magna pellentesque, vel bibendum tellus rutrum. Quisque mattis venenatis sapien in imperdiet. Vestibulum lacinia pulvinar convallis. Suspendisse convallis tellus vel nisi hendrerit, eget varius felis gravida.</p>\n<p>Donec vestibulum dui nec lacus laoreet, mattis placerat risus commodo. Praesent vulputate tellus et nunc ultricies sollicitudin. Etiam et dui nec ex ullamcorper dictum vel id lacus. Nam quis sem quis augue scelerisque dictum. Integer in lacus dui. Proin quis porttitor eros. Class aptent taciti sociosqu ad litora torquent per conubia nostra, per inceptos himenaeos. Morbi eget magna ultricies, blandit orci a, auctor risus.</p>\n<p>Sed at quam quis massa semper venenatis non sed sem. Aliquam tristique dolor ex, sed auctor ipsum lobortis a. Vestibulum congue mi ac felis placerat pharetra. Aenean ac malesuada dolor. Donec luctus auctor neque, eget facilisis nulla pellentesque eget. Aenean leo arcu, vulputate ultrices accumsan vitae, condimentum vitae dui. Pellentesque vel sapien lobortis, blandit enim at, efficitur ante. Donec posuere iaculis ex, sed blandit dui ullamcorper eget. Sed at tellus semper, semper nisi non, posuere mauris. Praesent nec urna et lorem accumsan iaculis. Aliquam non euismod ipsum. Quisque dictum vestibulum purus eget imperdiet. Nam facilisis vehicula commodo. Fusce eu ante mollis erat condimentum fringilla. Ut non mauris eget metus dictum scelerisque ac non arcu. Class aptent taciti sociosqu ad litora torquent per conubia nostra, per inceptos himenaeos.</p>\n<p>Nunc efficitur bibendum iaculis. Fusce ac dictum sapien. Integer mattis cursus eros vitae condimentum. Cras dapibus elit non purus egestas congue. Nullam ultrices finibus quam, a tincidunt metus malesuada vitae. Duis id augue diam. Pellentesque porta, lacus eget condimentum semper, turpis sapien commodo nunc, imperdiet tempor felis ipsum sit amet neque. Nullam vitae dui molestie magna consequat finibus tristique quis erat. Donec euismod, urna et volutpat faucibus, turpis sapien tincidunt dui, sed fermentum est nibh a lectus. Phasellus feugiat arcu at dui fermentum aliquet.</p>\n<p>Nullam ut ultrices diam. Pellentesque ac vulputate dolor, non tempus erat. Proin ut malesuada nibh. Aliquam eu orci faucibus, vehicula elit eget, blandit lacus. Fusce est velit, sagittis id fringilla eget, mattis vitae ligula. Sed maximus augue risus, eget pellentesque ligula sagittis vulputate. Nunc vehicula auctor felis nec pellentesque. Vestibulum posuere condimentum mauris, et porttitor augue lobortis a. Nunc feugiat tincidunt risus, quis vestibulum eros consequat ac. Proin eleifend turpis at mattis suscipit. Integer tortor nisi, iaculis sit amet lectus malesuada, euismod cursus erat. Phasellus blandit ligula ac nunc mollis, et pellentesque tellus dapibus. Curabitur nec velit auctor, porttitor enim sit amet, suscipit sapien.</p>\n<p>Etiam commodo felis non dui eleifend, consectetur faucibus ipsum faucibus. Vivamus et lobortis nunc. In ipsum justo, ornare ut eros sed, condimentum consequat diam. Integer vitae felis non diam vehicula ullamcorper. Ut in euismod libero. Sed convallis metus id ipsum pulvinar fringilla. Nunc hendrerit semper suscipit. Vivamus bibendum rutrum felis vel pharetra.</p>\n<p>Pellentesque habitant morbi tristique senectus et netus et malesuada fames ac turpis egestas. Mauris ultrices, enim vel consequat auctor, dui nibh suscipit ex, a faucibus lacus dui ac ante. Pellentesque laoreet ex sit amet dui luctus, vel auctor purus tincidunt. Sed at velit posuere, venenatis arcu ut, laoreet lectus. Cras placerat ligula vitae felis egestas hendrerit. Suspendisse viverra nisi et sapien imperdiet ultricies. Etiam imperdiet mi vitae nulla bibendum, non posuere dui volutpat. Curabitur ac turpis quam. In nec ligula non neque finibus tristique non non tortor. Aliquam malesuada nulla convallis molestie eleifend. Nullam quis auctor turpis. Curabitur nisl dui, scelerisque a lacinia sit amet, ultricies at sapien. Integer augue nibh, hendrerit quis nunc sit amet, tempus iaculis turpis. Donec vel gravida felis. Morbi fringilla, dui ac pharetra scelerisque, mi nunc iaculis lectus, quis condimentum enim mauris vitae ex.</p>\n<p>Praesent eget scelerisque nibh. Pellentesque a nunc quam. Suspendisse volutpat porta malesuada. Nulla eleifend metus id ipsum molestie, eget euismod lectus facilisis. Vestibulum ante ipsum primis in faucibus orci luctus et ultrices posuere cubilia curae; Morbi convallis lectus pharetra sem ultricies cursus. Morbi commodo consectetur mi, at mollis elit viverra eget. Suspendisse sodales ipsum et interdum tincidunt. Praesent vehicula magna vitae odio porttitor, in pellentesque purus molestie. Mauris at maximus ipsum. Pellentesque habitant morbi tristique senectus et netus et malesuada fames ac turpis egestas. Nunc bibendum sem ex, ac lacinia mi dictum fringilla. Nunc eu volutpat sem.</p>\n<p>Quisque eu iaculis nunc. Maecenas volutpat, lorem et laoreet ultricies, mauris elit auctor diam, a pretium enim nisi vitae arcu. Sed a mi id metus blandit pulvinar non at diam. Quisque sed lectus tortor. In efficitur odio ut mi faucibus tincidunt. Curabitur eu tellus tristique, efficitur mauris in, pellentesque massa. Mauris efficitur eu purus eu rutrum. Sed pharetra est a mauris efficitur tempor. Mauris neque tortor, tempor nec egestas id, imperdiet vel magna. Etiam tincidunt quam massa, ut pulvinar nulla porta consequat. Sed at hendrerit libero. Integer sodales rutrum neque eu elementum. Cras elementum lacus lobortis urna ornare hendrerit. Sed mollis felis vel dolor iaculis maximus.</p>\n<p>Phasellus at convallis tellus. Ut fermentum consequat purus ac laoreet. Morbi varius consequat semper. Mauris dignissim eu enim eu auctor. Etiam suscipit cursus ultricies. Nam est sem, tempor eget metus eu, rhoncus venenatis leo. Morbi feugiat felis id eros consectetur congue. Sed dapibus convallis neque, sit amet feugiat magna malesuada a. Nam at nisl sit amet nunc ultricies feugiat a at dolor. Proin finibus sapien eu nisi pulvinar, in feugiat enim volutpat. Fusce tempus turpis sit amet ipsum iaculis, quis vestibulum ante sollicitudin. Curabitur massa mi, pretium non rutrum eu, laoreet quis lectus. Mauris lectus ante, luctus vel massa at, malesuada pulvinar nunc.</p>\n<p>Lorem ipsum dolor sit amet, consectetur adipiscing elit. Vivamus eget sollicitudin felis, eu elementum nisl. Pellentesque habitant morbi tristique senectus et netus et malesuada fames ac turpis egestas. Curabitur a consectetur felis. Curabitur vel sollicitudin quam. Praesent interdum urna vel suscipit feugiat. Nulla auctor nisl tempor, pretium massa ut, pellentesque nisi. Donec porta egestas leo, eget fermentum tellus cursus vitae. Morbi mattis volutpat odio eu egestas. Phasellus ornare nisl malesuada, ultricies elit eget, iaculis neque. Cras pellentesque odio nulla, id dictum nulla porta vitae.</p>"}}, {"model": "license.contributoragreementacceptance", "pk": 2, "fields": {"agreement": 1, "person": 4, "accepted_at": "2021-03-16T14:14:59.225Z"}}]